opis_id,latitude,longitude,source
9,44.0188755,-90.5025615,https://www.openstreetmap.org/way/1204194481
20,32.9295595,-112.6732196,https://locations.pilotflyingj.com/us/az/gila-bend/3006-s-butterfield-trl
46,32.4058429,-85.955894,https://www.openstreetmap.org/node/12323045415
135,41.4106903,-90.0162744,https://www.openstreetmap.org/way/1256838182
159,30.2839635,-81.983846,https://locations.pilotflyingj.com/us/fl/jacksonville/1050-us-301-south
160,30.4519873,-90.9571697,https://locations.pilotflyingj.com/us/la/denham-springs/2601-s-range-ave
164,41.58644104,-87.23820496,https://locations.pilotflyingj.com/us/in/lake-station/1401-ripley-st
167,41.2883734,-87.2944676,https://locations.pilotflyingj.com/us/in/hebron/3231-e-181st-ave
203,41.5673074,-87.4729726,https://locations.pilotflyingj.com/us/in/highland/8150-indianapolis-blvd
235,29.2679327,-82.191552,https://locations.pilotflyingj.com/us/fl/ocala/4255-w-hwy-326
257,47.4699395,-111.3610097,https://locations.pilotflyingj.com/us/mt/great-falls/3700-31st-st-sw
269,41.9246253,-83.3660833,https://locations.pilotflyingj.com/us/mi/monroe/1100-n-dixie-hwy
289,39.0201728,-95.1348422,https://www.openstreetmap.org/way/279277299
326,41.4234165,-112.0515726,https://locations.pilotflyingj.com/us/ut/willard/600-w-750-n
388,40.2659249,-82.92402,https://locations.pilotflyingj.com/us/oh/sunbury/7680-e-oh-37
391,41.0297143,-81.9068168,https://locations.pilotflyingj.com/us/oh/seville/8924-lake-rd
496,35.9037229,-84.1407516,https://locations.pilotflyingj.com/us/tn/knoxville/314-lovell-rd
578,45.5438874,-122.3923693,https://www.openstreetmap.org/way/225048018
579,41.6083717,-109.2307447,https://locations.pilotflyingj.com/us/wy/rock-springs/650-stagecoach-blvd
815,43.0085692,-89.9011407,https://www.openstreetmap.org/node/9747494106
906,35.1575662,-90.1370671,https://locations.pilotflyingj.com/us/ar/west-memphis/1100-martin-luther-king-jr-dr
912,33.2796153,-87.0925118,https://www.openstreetmap.org/node/5576342822
977,33.6614913,-114.2364493,https://locations.pilotflyingj.com/us/az/quartzsite/1201-w-main-st
1075,32.4904417,-82.9341898,https://locations.pilotflyingj.com/us/ga/dublin/2185-us-441
1115,42.570838,-92.7863361,https://www.openstreetmap.org/node/1804967531
1136,40.1237394,-87.7789018,https://locations.pilotflyingj.com/us/il/oakwood/503-n-oakwood-st
1149,39.8214088,-85.9163591,https://locations.pilotflyingj.com/us/in/greenfield/2640-n-600-w
1158,41.4485169,-87.0103684,https://locations.pilotflyingj.com/us/in/valparaiso/4105-us-30-e
1176,38.2757702,-84.5536404,https://locations.pilotflyingj.com/us/ky/georgetown/110-triport-rd
1179,37.827213,-85.7240339,https://locations.pilotflyingj.com/us/ky/lebanon-junction/150-plaza-park-rd
1217,43.6766288,-92.9546992,https://www.openstreetmap.org/node/2649049203
1304,36.0680832,-79.3132562,https://www.openstreetmap.org/way/905877390
1372,40.7502385,-81.4032995,https://locations.pilotflyingj.com/us/oh/canton/2320-faircrest-st-sw
1444,34.19298553,-80.68682861,https://locations.pilotflyingj.com/us/sc/lugoff/522-hwy-601-s
1445,41.1363693,-104.7067523,https://locations.pilotflyingj.com/us/wy/cheyenne/8020-campstool-rd
1579,46.0086219,-112.6085079,https://locations.pilotflyingj.com/us/mt/butte/122000-browns-gulch-rd
1596,35.4806895,-108.432612,https://locations.pilotflyingj.com/us/nm/jamestown/1-giant-crossing
1625,33.4176359,-80.6663309,https://locations.pilotflyingj.com/us/sc/bowman/2064-homestead-rd
1632,32.2962613,-106.8106477,https://locations.pilotflyingj.com/us/nm/las-cruces/2681-w-amador-ave
1634,42.8718466,-87.9442409,https://locations.pilotflyingj.com/us/wi/oak-creek/2031-w-ryan-rd
1653,41.8314751,-87.6945357,https://www.openstreetmap.org/way/165232763
1791,31.9148296,-102.2155156,https://locations.pilotflyingj.com/us/tx/midland/4015-s-fm-1788
1807,35.2187921,-101.3819721,https://www.openstreetmap.org/way/225720538
1829,27.6990761,-80.9015132,https://locations.pilotflyingj.com/us/fl/okeechobee/3051-state-rd-60
1858,29.4465626,-98.3629924,https://locations.pilotflyingj.com/us/tx/san-antonio/1815-n-foster-rd
1914,38.9948412,-110.184919,https://www.openstreetmap.org/way/325139236
1956,38.9674932,-78.4378916,https://locations.pilotflyingj.com/us/va/toms-brook/1014-mt-olive-rd
1983,45.1000899,-91.5088022,https://www.openstreetmap.org/way/629026772
2002,46.6981161,-92.0355878,https://www.openstreetmap.org/way/460265797
2009,43.6744303,-87.7580012,https://www.openstreetmap.org/way/982057631
2088,38.7888044,-112.0815436,https://locations.pilotflyingj.com/us/ut/richfield/35-e-flying-j-dr
2089,41.9635559,-112.7094863,https://locations.pilotflyingj.com/us/ut/snowville/90-s-stone-rd
2167,45.4963311,-94.1489848,https://locations.pilotflyingj.com/us/mn/saint-cloud/4231-clearwater-rd
2182,37.9323185,-79.2327796,https://locations.pilotflyingj.com/us/va/raphine/713-oakland-cir
2219,34.1194936,-83.7619905,https://locations.pilotflyingj.com/us/ga/braselton/5888-hwy-53
2336,36.9359544,-80.9928701,https://locations.pilotflyingj.com/us/va/wytheville/3249-chapman-rd
2602,39.5426314,-84.2904796,https://locations.pilotflyingj.com/us/oh/franklin/6830-franklin-lebanon-rd
2635,45.2339583,-122.8104507,https://locations.pilotflyingj.com/us/or/aurora/12334-ehlen-road-ne
2765,38.0956985,-102.6202547,https://www.openstreetmap.org/way/224603809
2772,41.7441698,-85.0001267,https://locations.pilotflyingj.com/us/in/fremont/6900-n-old-us-27
2883,29.0245034,-82.1591888,https://locations.pilotflyingj.com/us/fl/ocala/2020-sw-hwy-484
2910,46.833604,-96.844738,https://locations.pilotflyingj.com/us/nd/fargo/3150-39th-st-sw
2923,37.9375975,-77.4663068,https://www.openstreetmap.org/way/781067019
2937,38.8578474,-84.6259142,https://locations.pilotflyingj.com/us/ky/walton/13019-walton-verona-rd
2956,35.270406,-80.8378399,https://www.openstreetmap.org/node/5612026462
3221,35.3218488,-91.5624701,https://locations.pilotflyingj.com/us/ar/bald-knob/115-us-167
3432,40.7664577,-87.1239344,https://locations.pilotflyingj.com/us/in/remington/4154-us-24
3475,35.4980477,-80.5609149,https://locations.pilotflyingj.com/us/nc/kannapolis/2825-lane-st
3519,30.112463,-93.82183838,https://locations.pilotflyingj.com/us/tx/orange/2205-tx-62
3536,35.1920199,-101.7430426,https://www.openstreetmap.org/way/220362825
3614,41.7360343,-86.3364482,https://locations.pilotflyingj.com/us/in/south-bend/6424-w-brick-rd
3619,39.4466805,-87.1257235,https://www.openstreetmap.org/way/1031528227
3745,45.6449084,-109.2473871,https://locations.pilotflyingj.com/us/mt/columbus/602-e-8th-ave
3974,35.422891,-99.3720661,https://www.openstreetmap.org/node/11711407862
3979,41.5631053,-87.3544741,https://www.openstreetmap.org/way/219702639
4035,35.280321,-93.0921508,https://locations.pilotflyingj.com/us/ar/russellville/215-ar-331-n
4080,25.7604594,-80.4802748,https://locations.pilotflyingj.com/us/fl/miami/17696-sw-8th-st
4172,47.7116767,-116.9968084,https://locations.pilotflyingj.com/us/id/post-falls/3636-w-5th-ave
4187,34.5765025,-84.9472873,https://locations.pilotflyingj.com/us/ga/resaca/288-resaca-beach-blvd-nw
4204,34.7696819,-85.5418879,https://locations.pilotflyingj.com/us/ga/rising-fawn/319-deer-head-cove-rd
4211,35.6104756,-115.3918571,https://locations.pilotflyingj.com/us/nv/jean/115-west-primm-blvd.
4332,40.7507441,-88.0015038,https://locations.pilotflyingj.com/us/il/gilman/815-us-24
4441,36.3205009,-82.8319963,https://locations.pilotflyingj.com/us/tn/greeneville/11190-baileyton-rd
4452,42.4547406,-92.4076061,https://www.openstreetmap.org/node/5209368661
4482,43.5714807,-116.1890947,https://locations.pilotflyingj.com/us/id/boise/3353-federal-way
4555,35.3051511,-86.8838702,https://locations.pilotflyingj.com/us/tn/cornersville/9211-lewisburg-hwy
4563,40.4826673,-89.0167009,https://locations.pilotflyingj.com/us/il/bloomington/1522-w-market-st
4605,36.704684,-77.5531649,https://locations.pilotflyingj.com/us/va/emporia/918-w-atlantic-st
4620,28.8734594,-82.0968814,https://locations.pilotflyingj.com/us/fl/wildwood/493-fl-44
4742,46.92931366,-104.0090332,https://locations.pilotflyingj.com/us/nd/beach/i-94-nd-16
4818,43.14257813,-115.6629562,https://locations.pilotflyingj.com/us/id/mountain-home/1050-us-20
4856,45.9170197,-111.6002417,https://locations.pilotflyingj.com/us/mt/three-forks/10800-us-287
4858,38.0442959,-97.3202665,https://locations.pilotflyingj.com/us/ks/newton/200-manchester-ave
4860,41.1806298,-90.3379606,https://locations.pilotflyingj.com/us/il/woodhull/900-plaza-ave
4885,38.8737946,-89.3873125,https://www.openstreetmap.org/way/225051745
4910,38.9955555,-110.1484791,https://locations.pilotflyingj.com/us/ut/green-river/1085-e-main-st
4918,35.9997508,-83.7769226,https://locations.pilotflyingj.com/us/tn/knoxville/7210-strawberry-plains-pike
4921,36.9751399,-84.1078036,https://locations.pilotflyingj.com/us/ky/corbin/249-w-cumberland-gap-pkwy
4977,44.4068721,-89.7891067,https://www.openstreetmap.org/node/3856575848
4983,44.9351025,-92.1959942,https://www.openstreetmap.org/way/390439568
5227,35.3341091,-78.5624185,https://locations.pilotflyingj.com/us/nc/dunn/65-sadler-rd
5236,39.6379176,-75.8058185,https://locations.pilotflyingj.com/us/md/elkton/221-belle-hill-rd
5306,40.9591708,-80.660498,https://locations.pilotflyingj.com/us/oh/north-lima/10920-market-st
5310,44.4706668,-93.294797,https://locations.pilotflyingj.com/us/mn/northfield/8051-bagley-ave
5341,42.7885727,-96.1743137,https://www.openstreetmap.org/node/10796136308
5389,41.231031,-112.0084148,https://locations.pilotflyingj.com/us/ut/ogden/1172-west-21st-street
5399,36.9452625,-80.9456769,https://locations.pilotflyingj.com/us/va/max-meadows/139-factory-outlet-dr
5464,37.5952547,-85.8648961,https://locations.pilotflyingj.com/us/ky/glendale/58-glendale-hodgenville-rd-w
5479,26.8940068,-82.009249,https://locations.pilotflyingj.com/us/fl/punta-gorda/26505-jones-loop-rd
5529,36.4865671,-80.7465073,https://locations.pilotflyingj.com/us/nc/mount-airy/125-plaza-ln
5606,46.8610881,-101.0102142,https://locations.pilotflyingj.com/us/nd/mandan/3825-business-loop-i-94
5667,35.5723775,-82.9557009,https://locations.pilotflyingj.com/us/nc/waynesville/3712-crabtree-rd
5669,43.9240838,-91.4382837,https://www.openstreetmap.org/node/3062272296
5691,42.090093,-86.4122835,https://locations.pilotflyingj.com/us/mi/benton-harbor/1860-e-napier-ave
5739,41.963605,-83.3536843,https://locations.pilotflyingj.com/us/mi/monroe/1200-nadeau-rd
5842,41.4262269,-87.755072,https://www.openstreetmap.org/way/219669690
5946,44.1127503,-103.2730747,https://locations.pilotflyingj.com/us/sd/rapid-city/2783-deadwood-ave
5999,34.1871247,-93.0702632,https://locations.pilotflyingj.com/us/ar/arkadelphia/170-valley-street
6057,38.8749438,-97.6097274,https://locations.pilotflyingj.com/us/ks/salina/1944-n-9th-st
6167,37.8353703,-94.3247289,https://locations.pilotflyingj.com/us/mo/nevada/2424-e-austin-blvd
6173,42.3016581,-83.8772028,https://locations.pilotflyingj.com/us/mi/dexter/750-baker-rd
6252,41.522706,-83.4614167,https://locations.pilotflyingj.com/us/oh/perrysburg/3430-libbey-rd
6308,38.2098333,-85.3481843,https://locations.pilotflyingj.com/us/ky/simpsonville/819-buck-creek-rd
6351,33.6042,-114.5196999,https://locations.pilotflyingj.com/us/az/ehrenberg/i-10-exit-1-frontage-road-n.
6393,38.2385162,-86.3615456,https://locations.pilotflyingj.com/us/in/leavenworth/6921-in-66
6480,45.2920513,-118.0338308,https://locations.pilotflyingj.com/us/or/la-grande/63276-or-203
6547,44.2772273,-105.4953387,https://locations.pilotflyingj.com/us/wy/gillette/1810-s-douglas-hwy
6562,39.6008361,-94.7911572,https://locations.pilotflyingj.com/us/mo/faucett/1307-se-grand-dd-hwy
6578,48.5131882,-111.8725399,https://locations.pilotflyingj.com/us/mt/shelby/1350-w-roosevelt-hwy
6628,36.0715902,-79.3529186,https://locations.pilotflyingj.com/us/nc/haw-river/1043-jimmie-kerr-rd
6744,48.2243522,-101.3508245,https://locations.pilotflyingj.com/us/nd/minot/3800-highway-2-and-52-w
6883,40.405691,-77.0095932,https://locations.pilotflyingj.com/us/pa/duncannon/30-benvenue-rd
6948,40.3524999,-76.7270235,https://locations.pilotflyingj.com/us/pa/harrisburg/7833-linglestown-rd
6960,41.2654068,-110.978722,https://locations.pilotflyingj.com/us/wy/evanston/1920-harrison-dr
6981,42.7459552,-90.3416345,https://www.openstreetmap.org/way/446610719
6986,47.2449432,-122.3845879,https://www.openstreetmap.org/way/225046866
6994,47.6636009,-117.3159575,https://locations.pilotflyingj.com/us/wa/spokane/6606-e-broadway-ave
7018,40.7266551,-111.9156395,https://locations.pilotflyingj.com/us/ut/salt-lake-city/2025-s-900-w
7051,32.7052513,-100.8655866,https://locations.pilotflyingj.com/us/tx/snyder/1100-us-180
7087,43.8856864,-100.7045032,https://locations.pilotflyingj.com/us/sd/murdo/601-e-5th-st
7088,44.1040471,-103.1502464,https://locations.pilotflyingj.com/us/sd/rapid-city/4200-n-i-90-service-rd
7106,41.1754712,-79.7395275,https://locations.pilotflyingj.com/us/pa/emlenton/6406-emlenton-clintonville-rd
7128,40.4634014,-76.3396952,https://locations.pilotflyingj.com/us/pa/myerstown/2210-camp-swatara-rd
7198,35.6086341,-80.5180934,https://www.openstreetmap.org/node/11670164686
7240,40.6369463,-74.9684812,https://locations.pilotflyingj.com/us/nj/hampton/66-nj-173
7263,41.0517214,-102.0703037,https://locations.pilotflyingj.com/us/ne/big-springs/109-circle-rd
7398,41.6590285,-93.5010561,https://locations.pilotflyingj.com/us/ia/altoona/3231-adventureland-dr
7406,42.4354238,-96.3733046,https://locations.pilotflyingj.com/us/ia/sioux-city/2815-singing-hills-blvd
7410,41.6300167,-93.7797822,https://locations.pilotflyingj.com/us/ia/urbandale/11957-douglas-avenue
7466,37.7403304,-88.9645464,https://locations.pilotflyingj.com/us/il/marion/2611-vernell-rd
7469,38.6509445,-90.1313645,https://locations.pilotflyingj.com/us/il/east-saint-louis/699-il-203
7636,33.1733643,-87.4783113,https://locations.pilotflyingj.com/us/al/tuscaloosa/4416-skyland-blvd-e
7705,35.2183918,-114.0073461,https://locations.pilotflyingj.com/us/az/kingman/3300-e-andy-devine-ave
7719,38.84034348,-91.22811127,https://locations.pilotflyingj.com/us/mo/warrenton/1-campbranch-rd
7733,35.193724,-101.7234877,https://locations.pilotflyingj.com/us/tx/amarillo/9601-e-i-40
7746,34.5288784,-101.7976719,https://locations.pilotflyingj.com/us/tx/tulia/2901-tx-86
7767,41.0987062,-104.8533895,https://locations.pilotflyingj.com/us/wy/cheyenne/2250-etchepare-dr
7792,33.2071237,-84.0638174,https://locations.pilotflyingj.com/us/ga/jackson/1125-bucksnort-rd
7825,38.0604935,-85.7028661,https://locations.pilotflyingj.com/us/ky/shepherdsville/2050-e-blue-lick-rd
7838,44.7809115,-93.0336023,https://locations.pilotflyingj.com/us/mn/inver-grove-heights/11650-courthouse-blvd
7946,42.527264,-88.9800701,https://locations.pilotflyingj.com/us/wi/beloit/3001-milwaukee-rd
8961,31.4006912,-103.4860849,https://locations.pilotflyingj.com/us/tx/pecos/100-e-pinehurst-st
8987,35.4863865,-95.1492119,https://www.openstreetmap.org/way/226297129
9160,40.7602577,-98.5864607,https://locations.pilotflyingj.com/us/ne/wood-river/11775-ne-11
9365,34.3385304,-79.5340594,https://locations.pilotflyingj.com/us/sc/latta/111-mill-branch-rd
9383,39.9451993,-82.5361147,https://locations.pilotflyingj.com/us/oh/hebron/10258-lancaster-rd
9403,40.6594789,-75.0730237,https://locations.pilotflyingj.com/us/nj/bloomsbury/979-rt-173
9485,33.72054,-84.9043776,https://locations.pilotflyingj.com/us/ga/villa-rica/95-liberty-rd
9618,33.3434485,-96.5875318,https://locations.pilotflyingj.com/us/tx/anna/1700-n-us-hwy-75
9638,34.2663291,-79.7017008,https://locations.pilotflyingj.com/us/sc/florence/3006-n-williston-rd
9675,35.8812168,-84.2360297,https://locations.pilotflyingj.com/us/tn/knoxville/800-watt-rd
9703,41.7854658,-80.8542983,https://locations.pilotflyingj.com/us/oh/austinburg/2246-oh-45
9821,35.9978639,-86.5951084,https://locations.pilotflyingj.com/us/tn/la-vergne/535-waldron-rd
9855,39.5514641,-86.0458302,https://locations.pilotflyingj.com/us/in/whiteland/2962-e-500-n
9862,41.5731182,-87.4028539,https://locations.pilotflyingj.com/us/in/gary/2501-burr-st
9941,32.7323837,-111.5496249,https://pilotcompany.com/
9959,37.9396373,-77.4691216,https://locations.pilotflyingj.com/us/va/ruther-glen/23866-rogers-clark-blvd
10030,37.1779175,-81.1400682,https://www.openstreetmap.org/node/7516177088
10057,39.6933166,-86.191068,https://locations.pilotflyingj.com/us/in/indianapolis/1720-w-thompson-rd
10077,35.1549119,-90.1421199,https://locations.pilotflyingj.com/us/ar/west-memphis/3400-service-loop-rd
10116,41.9354501,-89.0340888,https://www.openstreetmap.org/way/640367846
10122,41.5617944,-87.3566096,https://www.openstreetmap.org/way/219703182
10126,38.4919127,-85.7726717,https://locations.pilotflyingj.com/us/in/memphis/14013-blue-lick-rd
10142,36.7178154,-86.5253383,https://locations.pilotflyingj.com/us/ky/franklin/2940-scottsville-rd
10144,37.0975126,-88.6911423,https://locations.pilotflyingj.com/us/ky/paducah/5353-cairo-rd
10146,36.72172546,-84.16829681,https://locations.pilotflyingj.com/us/ky/williamsburg/481-ky-92
10150,30.4775713,-90.456625,https://locations.pilotflyingj.com/us/la/hammond/2111-sw-railroad-ave
20003,35.671514,-80.855547,https://locations.pilotflyingj.com/us/nc/troutman/1006-charlotte-hwy
20012,41.0925612,-96.2556211,https://locations.pilotflyingj.com/us/ne/gretna/15010-ne-31
20031,40.9602597,-117.7481952,https://locations.pilotflyingj.com/us/nv/winnemucca/1880-w-winnemucca-blvd
20042,41.5352451,-83.460871,https://locations.pilotflyingj.com/us/oh/perrysburg/26415-warns-dr
20045,41.1397498,-80.719471,https://locations.pilotflyingj.com/us/oh/girard/2786-salt-springs-rd
20050,35.1833958,-97.4992136,https://www.openstreetmap.org/way/669010289
20062,41.027389,-76.079574,https://locations.pilotflyingj.com/us/pa/drums/1114-pa-93
20072,34.9154539,-82.1080672,https://locations.pilotflyingj.com/us/sc/duncan/1405-e-main-st
20109,29.4398046,-98.3806082,https://locations.pilotflyingj.com/us/tx/san-antonio/5619-i-10-e
20118,44.294002,-90.830654,https://www.openstreetmap.org/node/597551583
52048,30.5591269,-88.2050283,https://locations.pilotflyingj.com/us/al/theodore/6955-theodore-dawes-rd
52106,45.8124709,-108.4157306,https://locations.pilotflyingj.com/us/mt/billings/2775-old-hardin-rd
52107,35.6125359,-80.5198817,https://locations.pilotflyingj.com/us/nc/salisbury/985-peeler-rd
52142,42.2961787,-83.8794386,https://locations.pilotflyingj.com/us/mi/dexter/195-baker-rd
52146,42.8518377,-106.2700967,https://locations.pilotflyingj.com/us/wy/casper/41-se-wyoming-blvd
52149,38.9175887,-84.6325782,https://locations.pilotflyingj.com/us/ky/walton/11229-frontage-rd
52150,42.0696971,-80.0382442,https://locations.pilotflyingj.com/us/pa/erie/8035-perry-hwy
52152,41.3274624,-105.6103398,https://locations.pilotflyingj.com/us/wy/laramie/1564-n-mccue-st
52163,34.2723101,-84.8075792,https://locations.pilotflyingj.com/us/ga/cartersville/968-cassville-white-rd
52212,41.77835464,-107.3090591,https://locations.pilotflyingj.com/us/wy/rawlins/i-80-johnson-rd
52221,32.6564009,-96.7511766,https://locations.pilotflyingj.com/us/tx/dallas/7425-bonnie-view-rd
52222,30.1163479,-93.8201752,https://locations.pilotflyingj.com/us/tx/orange/7112-i-10-w
52239,31.4286147,-83.5163214,https://locations.pilotflyingj.com/us/ga/tifton/4431-union-rd
52250,42.06539917,-72.10881805,https://locations.pilotflyingj.com/us/ma/sturbridge/400-haynes-st
52307,43.9702443,-94.6187267,https://www.openstreetmap.org/way/324679230
52334,43.7979209,-90.0618037,https://www.openstreetmap.org/way/1163707671
52364,32.4595478,-91.7590348,https://locations.pilotflyingj.com/us/la/rayville/103-grimshaw-st
52383,33.3217277,-87.0471245,https://locations.pilotflyingj.com/us/al/mccalla/6098-mcashan-dr
52384,34.2326084,-79.8024669,https://locations.pilotflyingj.com/us/sc/florence/2015-w-lucas-st
52385,40.2677136,-82.9246924,https://locations.pilotflyingj.com/us/oh/sunbury/7735-e-oh-37
52388,35.142823,-81.509215,https://locations.pilotflyingj.com/us/sc/blacksburg/1011-n-mountain-st
52400,42.7798093,-87.9512856,https://locations.pilotflyingj.com/us/wi/franksville/13712-northwestern-ave
52401,35.1732559,-92.7433451,https://www.openstreetmap.org/way/224315666
52402,32.4441848,-93.9796915,https://locations.pilotflyingj.com/us/la/greenwood/9510-greenwood-rd
52403,30.4216398,-89.1389281,https://locations.pilotflyingj.com/us/ms/gulfport/9351-canal-rd
52405,41.603348,-90.6251171,https://locations.pilotflyingj.com/us/ia/davenport/8200-northwest-blvd
52413,41.13663483,-83.66077423,https://locations.pilotflyingj.com/us/oh/findlay/11471-oh-613
52422,44.9012547,-91.8564391,https://www.openstreetmap.org/node/6185268631
52423,46.0050234,-112.6112778,https://locations.pilotflyingj.com/us/mt/butte/1000-grizzly-trail
52427,39.6137235,-119.265875,https://locations.pilotflyingj.com/us/nv/fernley/465-pilot-rd
52428,33.9300604,-81.0783977,https://locations.pilotflyingj.com/us/sc/west-columbia/3008-highway-321
52441,35.5830516,-78.1478473,https://locations.pilotflyingj.com/us/nc/kenly/1000-truckstop-rd
52450,32.5166213,-96.8212845,https://locations.pilotflyingj.com/us/tx/red-oak/200-s-i-35-service-rd
52454,39.9971121,-81.5773133,https://locations.pilotflyingj.com/us/oh/cambridge/61700-southgate-rd
52456,37.0045664,-94.5521072,https://locations.pilotflyingj.com/us/mo/joplin/4500-hwy-43
52458,34.7813625,-92.1272933,https://locations.pilotflyingj.com/us/ar/north-little-rock/3300-ar-391
52463,36.2409586,-115.0977978,https://locations.pilotflyingj.com/us/nv/north-las-vegas/3812-e-craig-rd
52465,35.2837073,-93.0900862,https://locations.pilotflyingj.com/us/ar/russellville/42-bradley-cove-rd
52466,39.6254394,-75.9501516,https://locations.pilotflyingj.com/us/md/north-east/1-center-dr
52467,34.0651378,-81.0235786,https://locations.pilotflyingj.com/us/sc/columbia/5901-fairfield-rd
52468,35.4588196,-97.6902966,https://locations.pilotflyingj.com/us/ok/oklahoma-city/701-s-morgan-rd
52469,33.8866574,-98.4684731,https://www.openstreetmap.org/way/225735091
52471,40.8323439,-83.9672948,https://locations.pilotflyingj.com/us/oh/beaverdam/420-e-main-st
52472,40.2346905,-77.1235278,https://locations.pilotflyingj.com/us/pa/carlisle/1501-harrisburg-pike
52473,39.6852119,-111.8364574,https://locations.pilotflyingj.com/us/ut/nephi/1597-s-main-st
52474,42.3023192,-85.0829384,https://locations.pilotflyingj.com/us/mi/battle-creek/15901-11-mile-rd
52479,34.3499272,-83.3211204,https://www.openstreetmap.org/way/219429368
52480,34.366784,-96.1407674,https://www.openstreetmap.org/way/226285319
52483,38.8786245,-97.5928074,https://locations.pilotflyingj.com/us/ks/salina/2250-n-ohio-st
52484,41.69123,-92.3568944,https://www.openstreetmap.org/way/1085889369
52513,32.2762632,-90.1613218,https://locations.pilotflyingj.com/us/ms/pearl/685-us-80
52514,36.7599624,-89.5408255,https://locations.pilotflyingj.com/us/mo/matthews/703-mo-80
52516,35.0153794,-110.6741597,https://locations.pilotflyingj.com/us/az/winslow/400-transcon-ln
52528,39.0132205,-94.1283758,https://www.openstreetmap.org/way/1085736558
52531,39.1307082,-94.4968376,https://locations.pilotflyingj.com/us/mo/kansas-city/1300-n-corrington-ave
52539,33.6851615,-84.3113042,https://locations.pilotflyingj.com/us/ga/atlanta/2605-bouldercrest-rd
52542,28.3260372,-82.3225013,https://locations.pilotflyingj.com/us/fl/san-antonio/29933-state-rd-52
52550,35.8074604,-86.3955517,https://locations.pilotflyingj.com/us/tn/murfreesboro/2441-s-church-st
52551,30.7255095,-85.1871173,https://locations.pilotflyingj.com/us/fl/marianna/2209-fl-71
52552,38.72330856,-94.45155334,https://locations.pilotflyingj.com/us/mo/peculiar/700-state-hwy-j
52553,35.0790408,-106.7456022,https://locations.pilotflyingj.com/us/nm/albuquerque/9911-avalon-rd-nw
52563,30.6412004,-83.1900194,https://locations.pilotflyingj.com/us/ga/lake-park/7001-bellville-rd
52564,37.05543137,-94.42993927,https://locations.pilotflyingj.com/us/mo/joplin/11570-hwy-ff
52565,27.6839915,-99.4614832,https://locations.pilotflyingj.com/us/tx/laredo/1101-uniroyal-dr
52575,37.05994,-113.5818177,https://locations.pilotflyingj.com/us/ut/saint-george/2841-s-60-e
52577,41.2356335,-95.8787717,https://locations.pilotflyingj.com/us/ia/council-bluffs/2647-s-24th-st
52580,31.1374418,-81.5718894,https://www.openstreetmap.org/node/5486357522
52587,43.086934,-76.1652131,https://locations.pilotflyingj.com/us/ny/liverpool/107-7th-north-st
52590,36.6625455,-86.5536362,https://locations.pilotflyingj.com/us/ky/franklin/4380-nashville-rd
52591,37.9329403,-77.4729654,https://pilotcompany.com/
52594,40.1315565,-80.0005404,https://locations.pilotflyingj.com/us/pa/bentleyville/205-wilson-rd
52605,41.4275532,-87.7568434,https://locations.pilotflyingj.com/us/il/monee/6002-w-monee-manhattan-rd
52607,36.0226487,-87.3411745,https://locations.pilotflyingj.com/us/tn/dickson/2320-tn-46
52608,35.7210856,-81.1891954,https://locations.pilotflyingj.com/us/nc/conover/1343-rock-barn-rd-ne
52615,41.4650475,-82.0606327,https://locations.pilotflyingj.com/us/oh/avon/39115-colorado-ave
52616,40.112954,-85.5661851,https://locations.pilotflyingj.com/us/in/daleville/15151-w-commerce-rd
52618,34.7105064,-82.4972687,https://locations.pilotflyingj.com/us/sc/piedmont/110-frontage-rd
52624,45.766036,-119.2052758,https://locations.pilotflyingj.com/us/or/stanfield/2115-s-hwy-395
52625,38.2252757,-91.1581712,https://locations.pilotflyingj.com/us/mo/sullivan/825-n-loop-dr
52626,31.1403516,-81.5784934,https://locations.pilotflyingj.com/us/ga/brunswick/2990-us-17
52630,45.0491106,-122.9749891,https://locations.pilotflyingj.com/us/or/salem/4220-brooklake-rd-ne
52633,36.0657469,-79.309893,https://locations.pilotflyingj.com/us/nc/mebane/1342-trollingwood-hawfields-rd
52636,38.1734939,-87.5511527,https://www.openstreetmap.org/way/223485831
52641,32.1887601,-81.1949445,https://locations.pilotflyingj.com/us/ga/port-wentworth/7001-ga-21
52646,39.7626954,-104.7937789,https://locations.pilotflyingj.com/us/co/aurora/16751-e-32nd-ave
52647,39.9424225,-82.5992153,https://locations.pilotflyingj.com/us/oh/millersport/10480-baltimore-rd-sw
52649,30.4933576,-84.43096,https://locations.pilotflyingj.com/us/fl/midway/32670-blue-star-hwy
52652,38.2761726,-84.5596854,https://locations.pilotflyingj.com/us/ky/georgetown/259-cherry-blossom-way
52658,35.4209708,-96.3001898,https://www.openstreetmap.org/node/11684356604
52659,32.3537839,-108.7360138,https://www.openstreetmap.org/way/226328204
52675,46.3968925,-105.8217566,https://locations.pilotflyingj.com/us/mt/miles-city/1210-s-haynes-ave
52676,41.1415861,-78.7825072,https://locations.pilotflyingj.com/us/pa/dubois/1742-rich-hwy
52679,40.1199173,-74.7081668,https://www.openstreetmap.org/way/217783539
52680,30.0801266,-81.4781883,https://locations.pilotflyingj.com/us/fl/saint-johns/1625-county-road-210-west
52683,36.1759781,-94.1933004,https://locations.pilotflyingj.com/us/ar/springdale/5660-w-sunset-ave
52684,41.8146023,-90.241298,https://www.openstreetmap.org/way/1525686635
52690,27.4133603,-80.3978185,https://www.openstreetmap.org/way/223432255
52691,33.6826011,-85.2628487,https://locations.pilotflyingj.com/us/ga/tallapoosa/882-ga-100
52692,38.7318125,-89.9085485,https://locations.pilotflyingj.com/us/il/troy/820-edwardsville-rd
52697,40.1874931,-111.6409511,https://locations.pilotflyingj.com/us/ut/springville/1460-n-1750-w
60191,33.4941113,-112.9374837,https://locations.pilotflyingj.com/us/az/tonopah/41112-w-indian-school-rd
60373,36.92207336,-89.31438446,https://locations.pilotflyingj.com/us/mo/charleston/2460-us-60
60374,37.874274,-93.6213646,https://locations.pilotflyingj.com/us/mo/collins/9890-mo-13
61111,39.5469717,-94.3286806,https://www.openstreetmap.org/way/651855754
61269,47.8884604,-97.0924874,https://locations.pilotflyingj.com/us/nd/grand-forks/4401-32nd-ave-s
61616,34.5080118,-81.0011361,https://locations.pilotflyingj.com/us/sc/winnsboro/10959-sc-200
61642,39.368747,-94.3742995,https://locations.pilotflyingj.com/us/mo/kearney/600-w-mo-92
61843,43.4481423,-88.635419,https://www.openstreetmap.org/way/991214978
61849,43.0903707,-88.9100124,https://www.openstreetmap.org/way/503489087
61862,44.0443139,-89.108026,https://www.openstreetmap.org/node/12941504527
61867,43.9334243,-90.8212611,https://www.openstreetmap.org/way/505982358
61879,44.3527716,-89.8164045,https://www.openstreetmap.org/node/1683195473
61880,44.3974152,-89.8555112,https://www.openstreetmap.org/way/500826985
61968,34.2007766,-97.1673255,https://locations.pilotflyingj.com/us/ok/ardmore/2450-cooper-dr
62075,37.752972,-99.9799674,https://locations.pilotflyingj.com/us/ks/dodge-city/2524-e-wyatt-earp-blvd
62701,39.6919273,-79.1006682,https://locations.pilotflyingj.com/us/md/grantsville/3000-chestnut-ridge-rd
62824,39.614639,-119.216686,https://locations.pilotflyingj.com/us/nv/fernley/480-truck-inn-way
63349,36.6972138,-87.4554238,https://locations.pilotflyingj.com/us/ky/oak-grove/18750-herndon-oak-grove-rd
63353,40.3407677,-88.7611242,https://www.openstreetmap.org/way/225052149
63391,41.1013907,-100.726902,https://locations.pilotflyingj.com/us/ne/north-platte/3400-s-newberry-rd
63409,43.0013959,-78.4066346,https://locations.pilotflyingj.com/us/ny/corfu/8484-alleghany-rd
63428,35.4757212,-95.5384283,https://locations.pilotflyingj.com/us/ok/checotah/1255-w-gentry-ave
63442,36.0263959,-87.1716696,https://locations.pilotflyingj.com/us/tn/fairview/1420-tn-96-n
63455,39.2906067,-78.0865531,https://locations.pilotflyingj.com/us/va/clear-brook/1530-rest-church-rd
63498,36.0706622,-79.351132,https://locations.pilotflyingj.com/us/nc/haw-river/1044-jimmie-kerr-rd
63501,40.2306632,-77.1443991,https://www.openstreetmap.org/way/217788215
63502,35.5960696,-97.4366066,https://locations.pilotflyingj.com/us/ok/edmond/4801-ne-122nd-st
63506,44.5364588,-89.5496851,https://www.openstreetmap.org/node/6032271140
63509,34.3897672,-83.226739,https://locations.pilotflyingj.com/us/ga/carnesville/11156-ga-106
63510,34.3449286,-79.5348334,https://locations.pilotflyingj.com/us/sc/latta/1504-sc-38
63511,33.2696837,-80.5671071,https://locations.pilotflyingj.com/us/sc/saint-george/9587-charleston-hwy
63519,38.4435533,-81.8307863,https://locations.pilotflyingj.com/us/wv/nitro/4304-1st-ave
63522,36.1791547,-86.2994721,https://locations.pilotflyingj.com/us/tn/lebanon/921-murfreesboro-rd
63523,34.5377945,-86.9107556,https://locations.pilotflyingj.com/us/al/decatur/3240-point-mallard-parkway
63524,31.9596312,-83.7466403,https://locations.pilotflyingj.com/us/ga/cordele/2201-16th-ave-e
63533,43.6616509,-116.6546368,https://locations.pilotflyingj.com/us/id/caldwell/3512-franklin-rd
63563,31.0359489,-104.8303223,https://locations.pilotflyingj.com/us/tx/van-horn/501-van-horn-dr
63564,39.9730026,-83.1000999,https://locations.pilotflyingj.com/us/oh/columbus/3600-interchange-rd
63565,32.9440135,-112.733305,https://www.openstreetmap.org/node/914190265
63568,38.41147232,-96.23771667,https://locations.pilotflyingj.com/us/ks/emporia/4215-w-us-50
63569,41.5000596,-95.3342091,https://locations.pilotflyingj.com/us/ia/avoca/7005-n-chestnut-st
63570,40.9991981,-81.9971963,https://locations.pilotflyingj.com/us/oh/burbank/10048-avon-lake-rd
63572,34.7284265,-114.3152005,https://locations.pilotflyingj.com/us/az/lake-havasu-city/14750-az-95
63577,41.4605295,-88.27197,https://locations.pilotflyingj.com/us/il/minooka/301-ridge-rd
63580,42.459915,-92.252874,https://locations.pilotflyingj.com/us/ia/evansdale/445-evansdale-dr
63581,37.9614847,-84.3872423,https://www.openstreetmap.org/node/9354092729
63584,33.7189067,-85.0291518,https://locations.pilotflyingj.com/us/ga/temple/625-carrollton-st
63588,42.7241723,-87.9517672,https://www.openstreetmap.org/way/514274267
63594,36.6784076,-87.4051981,https://locations.pilotflyingj.com/us/ky/oak-grove/8190-pembroke-oak-grove-rd
63596,36.22768,-89.7252305,https://locations.pilotflyingj.com/us/mo/hayti/1701-mo-84
63597,32.342371,-108.68129,https://locations.pilotflyingj.com/us/nm/lordsburg/1124-e-motel-dr
63598,43.7968692,-90.0509051,https://locations.pilotflyingj.com/us/wi/mauston/1101-gateway-ave
63600,32.273085,-90.1926386,https://locations.pilotflyingj.com/us/ms/jackson/2520-s-gallatin-st
63601,32.7273029,-97.8243241,https://locations.pilotflyingj.com/us/tx/weatherford/1201-w-i-20
63605,38.15671158,-85.06716919,https://locations.pilotflyingj.com/us/ky/waddy/1670-waddy-rd
63606,40.0342799,-86.4740837,https://locations.pilotflyingj.com/us/in/lebanon/520-s-state-rd-39
63608,42.2804589,-89.2421844,https://www.openstreetmap.org/way/766383726
63609,42.2384327,-89.0335635,https://www.openstreetmap.org/way/827484724
63612,27.4490076,-80.3977832,https://locations.pilotflyingj.com/us/fl/fort-pierce/100-n-kings-hwy
63613,32.34115601,-108.6767273,https://locations.pilotflyingj.com/us/nm/lordsburg/11-old-hwy-70
63614,40.1148689,-85.5731898,https://locations.pilotflyingj.com/us/in/daleville/15876-w-commerce-rd
63619,32.5079063,-92.192854,https://locations.pilotflyingj.com/us/la/west-monroe/300-well-rd
63623,27.4139296,-80.4001131,https://locations.pilotflyingj.com/us/fl/fort-pierce/7300-okeechobee-rd
63627,34.4678056,-89.0060382,https://locations.pilotflyingj.com/us/ms/new-albany/500-ms-15
63628,30.8728873,-88.0465201,https://locations.pilotflyingj.com/us/al/satsuma/6109-us-43-s
63636,31.4321615,-110.9619684,https://locations.pilotflyingj.com/us/az/rio-rico/769-e-frontage-rd
63637,39.9591318,-83.3697983,https://locations.pilotflyingj.com/us/oh/london/1365-us-42
63639,39.4515901,-87.1249587,https://locations.pilotflyingj.com/us/in/brazil/4376-in-59
63641,28.0097683,-82.3031612,https://locations.pilotflyingj.com/us/fl/seffner/11555-e-sligh-ave
63652,42.4689836,-91.9036319,https://www.openstreetmap.org/node/5624680010
63653,42.0865223,-110.9478694,https://locations.pilotflyingj.com/us/wy/cokeville/10501-us-30
63661,34.9287804,-89.7939963,https://locations.pilotflyingj.com/us/ms/olive-branch/4740-bethel-rd
63662,32.6121748,-83.7443167,https://locations.pilotflyingj.com/us/ga/byron/2965-highway-247c
63668,33.6329459,-80.87946,https://locations.pilotflyingj.com/us/sc/saint-matthews/1300-burke-rd
63694,33.4852829,-89.7703025,https://locations.pilotflyingj.com/us/ms/winona/403-sw-frontage-rd
63695,33.7194795,-85.0253519,https://locations.pilotflyingj.com/us/ga/temple/650-carrollton-st
63701,40.6857934,-112.2670893,https://locations.pilotflyingj.com/us/ut/tooele/1605-east-saddleback-blvd.
63715,40.8361616,-111.9341089,https://locations.pilotflyingj.com/us/ut/north-salt-lake/885-north-pointe-cir
63720,33.4608847,-112.2053977,https://locations.pilotflyingj.com/us/az/phoenix/6700-w-latham-st
63724,35.6792908,-88.7419522,https://www.openstreetmap.org/way/226611047
63726,36.16302,-95.8317575,https://locations.pilotflyingj.com/us/ok/tulsa/121-n-129th-e-ave
63727,42.1015417,-75.8353463,https://www.openstreetmap.org/way/217816928
63728,41.6196461,-90.7839642,https://locations.pilotflyingj.com/us/ia/walcott/3500-n-plainview-rd
63729,40.7394353,-114.0662683,https://locations.pilotflyingj.com/us/nv/west-wendover/1200-wendover-blvd
63730,39.7374807,-81.5276284,https://locations.pilotflyingj.com/us/oh/caldwell/44133-fairground-rd
63743,41.3143494,-75.7553414,https://locations.pilotflyingj.com/us/pa/pittston/417-pa-315
63744,36.6922453,-87.4516719,https://locations.pilotflyingj.com/us/ky/oak-grove/12900-fort-campbell-blvd
63745,38.1744353,-87.5485272,https://locations.pilotflyingj.com/us/in/haubstadt/1042-e-warrenton-rd
63746,35.0779921,-81.703174,https://locations.pilotflyingj.com/us/sc/gaffney/909-hyatt-st
63747,38.4542312,-85.2971403,https://locations.pilotflyingj.com/us/ky/pendleton/205-pendleton-rd
63753,34.5588042,-84.9356175,https://locations.pilotflyingj.com/us/ga/calhoun/2111-us-41
63755,35.4045921,-94.5216767,https://locations.pilotflyingj.com/us/ok/roland/302-w-ray-fine-blvd
63756,33.5241501,-82.0333868,https://locations.pilotflyingj.com/us/ga/augusta/2975-gun-club-rd
63763,41.3694973,-89.098512,https://locations.pilotflyingj.com/us/il/la-salle/343-civic-rd
63764,31.7285443,-96.1827568,https://www.openstreetmap.org/way/225725165
63766,41.7986503,-83.6936529,https://locations.pilotflyingj.com/us/mi/ottawa-lake/6158-us-223
63768,39.0036798,-93.7342165,https://locations.pilotflyingj.com/us/mo/higginsville/6676-mo-13
63770,41.789318,-80.8562008,https://locations.pilotflyingj.com/us/oh/austinburg/2349-center-rd
63771,42.4703384,-93.5717792,https://locations.pilotflyingj.com/us/ia/williams/3040-220th-st
63774,39.633648,-77.807115,https://locations.pilotflyingj.com/us/md/hagerstown/11633-greencastle-pike
63775,42.4934727,-88.9991648,https://locations.pilotflyingj.com/us/il/south-beloit/16049-willowbrook-rd
63776,44.1881551,-94.0129959,https://www.openstreetmap.org/way/1068332996
63777,44.1395059,-93.2525411,https://www.openstreetmap.org/node/5143809150
63781,39.5579849,-82.9577592,https://locations.pilotflyingj.com/us/oh/circleville/25600-us-23
63787,30.4521205,-88.9337441,https://www.openstreetmap.org/way/165891523
63789,41.2903452,-87.2950114,https://locations.pilotflyingj.com/us/in/hebron/18011-colorado-st
63790,36.1088622,-83.3340163,https://locations.pilotflyingj.com/us/tn/white-pine/3624-roy-messer-hwy
63791,31.4565572,-97.1719995,https://locations.pilotflyingj.com/us/tx/waco/8055-south-i-35
63792,29.2657887,-82.1888883,https://locations.pilotflyingj.com/us/fl/ocala/4032-w-hwy-326
63794,33.1166544,-95.6346167,https://locations.pilotflyingj.com/us/tx/sulphur-springs/1200-hillcrest-dr-s
63799,35.3056323,-95.5881095,https://www.openstreetmap.org/way/226291360
63800,41.2364777,-73.0224483,https://locations.pilotflyingj.com/us/ct/milford/433-old-gate-ln
63801,39.1563223,-94.4763951,https://locations.pilotflyingj.com/us/mo/kansas-city/8801-ne-birmingham-rd
63850,35.23849106,-111.8225708,https://locations.pilotflyingj.com/us/az/bellemont/12500-w-i-40
63856,34.3272678,-112.1173363,https://locations.pilotflyingj.com/us/az/mayer/14905-cordes-lake-road
63912,30.7598756,-81.6557746,https://locations.pilotflyingj.com/us/ga/kingsland/2607-scrubby-bluff-rd
63925,30.7552636,-83.2726705,https://locations.pilotflyingj.com/us/ga/valdosta/3460-madison-hwy
64040,30.2536932,-93.0147467,https://locations.pilotflyingj.com/us/la/iowa/1119-lowe-grout-rd
64048,30.45405,-91.2454046,https://locations.pilotflyingj.com/us/la/port-allen/420-n-lobdell-hwy
64122,35.1590964,-103.7036002,https://locations.pilotflyingj.com/us/nm/tucumcari/2021-s-mountain-rd
64218,42.7812067,-74.0286795,https://locations.pilotflyingj.com/us/ny/schenectady/1128-duanesburg-road
64285,35.1662827,-81.4509015,https://locations.pilotflyingj.com/us/sc/blacksburg/2768-e-cherokee-st
64288,34.1928784,-80.2829703,https://locations.pilotflyingj.com/us/sc/bishopville/1340-sumter-hwy
64336,43.9609082,-90.3772365,https://www.openstreetmap.org/node/993718581
64347,36.5824614,-79.3542561,https://locations.pilotflyingj.com/us/va/danville/110-river-point-dr
64423,29.2794534,-98.6693412,https://locations.pilotflyingj.com/us/tx/von-ormy/14555-i-35-s
64438,36.6753603,-78.9270563,https://locations.pilotflyingj.com/us/va/south-boston/2190-philpott-rd-58
64442,48.8484467,-122.5731765,https://locations.pilotflyingj.com/us/wa/ferndale/5670-barrett-rd
64445,44.2502197,-91.4727814,https://www.openstreetmap.org/way/745343445
64447,44.729812,-88.4465535,https://www.openstreetmap.org/node/976490025
64463,44.4276372,-89.5155019,https://www.openstreetmap.org/way/651624773
64477,35.6427105,-82.0395217,https://locations.pilotflyingj.com/us/nc/marion/3365-sugar-hill-rd
64478,41.2691284,-110.9413264,https://locations.pilotflyingj.com/us/wy/evanston/289-bear-river-dr
64485,32.6423016,-96.7800176,https://locations.pilotflyingj.com/us/tx/dallas/8787-s-lancaster-rd
64487,39.1492142,-88.5313028,https://locations.pilotflyingj.com/us/il/effingham/2500-n-3rd-st
64488,30.2939811,-91.9145419,https://locations.pilotflyingj.com/us/la/breaux-bridge/2112-rees-st
64514,31.9971005,-106.5861669,https://locations.pilotflyingj.com/us/tx/anthony/2015-antonio-st
64517,44.94128,-92.3739638,https://www.openstreetmap.org/way/319802431
64525,41.1287094,-80.7691602,https://locations.pilotflyingj.com/us/oh/youngstown/1150-north-canfield-niles-road
64526,35.8821793,-87.8010389,https://locations.pilotflyingj.com/us/tn/hurricane-mills/15559-tn-13
64527,38.4575286,-85.2990757,https://locations.pilotflyingj.com/us/ky/pendleton/489-pendleton-road
64529,35.1961629,-101.7407717,https://locations.pilotflyingj.com/us/tx/amarillo/715-s-lakeside-dr
64530,33.5603225,-83.479212,https://locations.pilotflyingj.com/us/ga/madison/1881-eatonton-rd
64532,33.2106685,-84.0565108,https://locations.pilotflyingj.com/us/ga/jackson/2995-ga-36
64535,34.3474573,-83.3223003,https://locations.pilotflyingj.com/us/ga/carnesville/10226-old-federal-rd
64536,42.6495296,-114.4429066,https://locations.pilotflyingj.com/us/id/jerome/5350-us-93
64537,31.5074992,-97.1450977,https://locations.pilotflyingj.com/us/tx/waco/2409-s-new-rd
64538,41.6047037,-87.1151635,https://locations.pilotflyingj.com/us/in/chesterton/243-melton-road
64595,30.4853599,-84.4200266,https://locations.pilotflyingj.com/us/fl/midway/33333-blue-star-hwy
64600,35.4568705,-93.483509,https://www.openstreetmap.org/way/1350812373
64671,44.2955836,-90.8302187,https://locations.pilotflyingj.com/us/wi/black-river-falls/780-wi-54
64672,39.85187,-85.4129703,https://locations.pilotflyingj.com/us/in/spiceland/5300-in-3
64676,35.462134,-97.6870314,https://locations.pilotflyingj.com/us/ok/oklahoma-city/400-s-morgan-rd
64679,34.6083132,-92.5328223,https://locations.pilotflyingj.com/us/ar/benton/7801-alcoa-rd
64681,32.7392753,-111.5482275,https://locations.pilotflyingj.com/us/az/eloy/619-s-sunshine-blvd
64682,35.2647134,-99.6417911,https://locations.pilotflyingj.com/us/ok/sayre/2400-s-4th-st
64687,34.6553547,-84.9802506,https://locations.pilotflyingj.com/us/ga/dalton/142-carbondale-rd-sw
64755,38.9393554,-92.7734695,https://locations.pilotflyingj.com/us/mo/boonville/1701-w-ashley-rd
64876,40.69026947,-95.7929306,https://locations.pilotflyingj.com/us/ia/percival/2495-210th-ave
64877,41.4888176,-91.5472367,https://www.openstreetmap.org/node/2826175726
64920,41.9101476,-89.0689905,https://www.openstreetmap.org/node/13417247325
65033,40.8349002,-83.9655274,https://locations.pilotflyingj.com/us/oh/beaver-dam/427-east-main-street
65141,44.0206376,-92.7455651,https://www.openstreetmap.org/node/1780720951
65162,38.4859802,-90.3573707,https://www.openstreetmap.org/way/578817357
65320,40.8922926,-74.6859668,https://locations.pilotflyingj.com/us/nj/ledgewood/1470-route-46-east
65490,33.32109833,-84.77779388,https://locations.pilotflyingj.com/us/ga/newnan/1645-s-us-29
65532,41.0343166,-77.5163924,https://locations.pilotflyingj.com/us/pa/mill-hall/5868-nittany-valley-dr
65594,34.9126493,-80.9793572,https://locations.pilotflyingj.com/us/sc/rock-hill/1155-s-anderson-rd
65673,28.7098151,-100.4636967,https://locations.pilotflyingj.com/us/tx/eagle-pass/3002-us-57
65793,44.0240487,-89.8104973,https://www.openstreetmap.org/way/1333063563
65804,44.1989781,-88.6805573,https://www.openstreetmap.org/way/704300179
65809,44.0260531,-90.0747806,https://www.openstreetmap.org/way/991978190
65813,43.5719296,-89.4703974,https://www.openstreetmap.org/node/3669287454
65820,43.1940427,-89.3367564,https://www.openstreetmap.org/way/463069377
65836,32.9580404,-97.3076321,https://locations.pilotflyingj.com/us/tx/fort-worth/2400-alliance-gateway-fwy
65837,40.3703104,-82.8308017,https://locations.pilotflyingj.com/us/oh/marengo/488-oh-61
65847,40.1771849,-88.2400926,https://www.openstreetmap.org/way/263994196
65857,32.5451783,-93.5170884,https://locations.pilotflyingj.com/us/la/haughton/490-n-elm-st
65862,38.0198724,-79.1410287,https://locations.pilotflyingj.com/us/va/staunton/3541-lee-jackson-hwy
65866,41.8242884,-75.6823762,https://locations.pilotflyingj.com/us/pa/new-milford/1623-oliver-rd
65873,36.9386337,-80.9921532,https://locations.pilotflyingj.com/us/va/wytheville/1318-e-lee-hwy
65883,38.1754647,-87.5528733,https://locations.pilotflyingj.com/us/in/haubstadt/844-e-1250-s
65914,40.9219186,-98.3594083,https://www.openstreetmap.org/way/549375768
65969,30.78164482,-92.18698883,https://locations.pilotflyingj.com/us/la/bunkie/7349-la-29
66016,38.3649517,-82.6962556,https://locations.pilotflyingj.com/us/ky/catlettsburg/15236-ky-180
66017,29.7495721,-81.3445823,https://locations.pilotflyingj.com/us/fl/saint-augustine/950-fl-206-w
66020,39.9685708,-81.9029346,https://www.openstreetmap.org/way/220778962
66021,37.9791505,-85.6941354,https://www.openstreetmap.org/way/225808185
66022,33.4565325,-112.2736558,https://locations.pilotflyingj.com/us/az/avondale/900-n-99th-ave
66026,39.1335485,-88.5658933,https://locations.pilotflyingj.com/us/il/effingham/1701-w-evergreen-ave
66036,33.5620912,-86.8307449,https://locations.pilotflyingj.com/us/al/birmingham/224-daniel-payne-dr
66038,43.439351,-112.1156694,https://locations.pilotflyingj.com/us/id/idaho-falls/6485-w-overland-dr
66040,35.19961,-113.903988,https://www.openstreetmap.org/way/223539583
66041,45.6694129,-120.8349037,https://locations.pilotflyingj.com/us/or/wasco/91485-biggs-rufus-hwy
66042,41.172932,-79.0963003,https://locations.pilotflyingj.com/us/pa/brookville/246-allegheny-blvd
66050,41.2761684,-81.6263701,https://locations.pilotflyingj.com/us/oh/richfield/5219-brecksville-rd
66056,35.9860438,-85.0119357,https://locations.pilotflyingj.com/us/tn/crossville/2449-genesis-rd
66057,42.4909451,-88.9984549,https://www.openstreetmap.org/way/230775261
66061,41.0284403,-77.5224174,https://locations.pilotflyingj.com/us/pa/mill-hall/5609-nittany-valley-dr
66062,43.6030357,-96.7675861,https://locations.pilotflyingj.com/us/sd/sioux-falls/5201-n-granite-ln
66093,43.8770285,-92.4898329,https://www.openstreetmap.org/node/5631420253
66106,38.2933768,-112.6537124,https://locations.pilotflyingj.com/us/ut/beaver/653-w-1400-n
66110,42.4348046,-96.3793738,https://www.openstreetmap.org/way/225361262
66115,41.1836545,-80.5720484,https://locations.pilotflyingj.com/us/oh/hubbard/2226-n-main-st
66119,38.7599408,-90.0654007,https://locations.pilotflyingj.com/us/il/granite-city/1310-east-chain-of-rocks-road
66120,36.0119881,-83.5323062,https://www.openstreetmap.org/node/6616599586
66126,32.4445975,-93.9826316,https://www.openstreetmap.org/way/225809912
66133,28.1553067,-81.8003342,https://www.openstreetmap.org/node/11684406538
66152,39.5524096,-86.044397,https://locations.pilotflyingj.com/us/in/whiteland/82-white-st
66176,34.9942398,-78.1296546,https://locations.pilotflyingj.com/us/nc/warsaw/2574-w-nc-hwy-24
66177,35.2986412,-79.72659302,https://locations.pilotflyingj.com/us/nc/candor/801-nc-highway-211-e
66221,42.7903649,-88.3893154,https://www.openstreetmap.org/way/267159234
66227,38.3123175,-88.9608356,https://locations.pilotflyingj.com/us/il/mount-vernon/4610-broadway-st
66235,37.8428627,-84.3244562,https://www.openstreetmap.org/way/225808104
66257,41.6756324,-107.982929,https://www.openstreetmap.org/node/1038018936
66273,33.995083,-86.0827357,https://www.openstreetmap.org/node/12302815184
66274,41.097733,-114.9578051,https://locations.pilotflyingj.com/us/nv/wells/156-us-93
66278,41.5207589,-74.1134664,https://locations.pilotflyingj.com/us/ny/newburgh/239-route-17k
66286,35.9578312,-84.0014678,https://www.openstreetmap.org/way/492787509
66292,33.6913088,-85.1901232,https://www.openstreetmap.org/way/225051151
66294,42.78749847,-84.67834473,https://locations.pilotflyingj.com/us/mi/grand-ledge/7800-w-grand-river-ave
66295,42.8712569,-87.9415223,https://www.openstreetmap.org/node/635243687
66301,44.2126674,-88.4032855,https://www.openstreetmap.org/way/765590168
66310,40.1705735,-79.7316886,https://locations.pilotflyingj.com/us/pa/smithton/122-fitz-henry-rd
66322,38.155157,-88.910879,https://www.openstreetmap.org/node/2382882894
66323,46.8755441,-113.8872802,https://locations.pilotflyingj.com/us/mt/milltown/7985-mt-200
66346,40.0455021,-86.8196316,https://locations.pilotflyingj.com/us/in/crawfordsville/4403-in-32
66352,44.1003612,-88.5422821,https://www.openstreetmap.org/way/768027037
66377,32.6661693,-97.4206869,https://www.openstreetmap.org/way/504085290
66405,43.4513774,-83.8943419,https://locations.pilotflyingj.com/us/mi/saginaw/3475-e-washington-rd
66420,47.1895494,-114.8860125,https://locations.pilotflyingj.com/us/mt/superior/27-diamond-road
66437,36.1089041,-83.3385684,https://locations.pilotflyingj.com/us/tn/white-pine/3663-roy-messer-hwy
66478,39.019533,-95.5082829,https://www.openstreetmap.org/way/379404858
66534,38.9339181,-92.7791729,https://www.openstreetmap.org/way/554597211
66556,36.7110035,-78.10871,https://locations.pilotflyingj.com/us/va/south-hill/1011-e-atlantic-st
66747,42.4555849,-88.9981138,https://www.openstreetmap.org/way/225052242
66760,33.4583721,-80.735532,https://www.openstreetmap.org/node/11687451782
66769,30.7938961,-81.6664383,https://www.openstreetmap.org/node/11332080373
66771,26.3364056,-98.1435611,https://locations.pilotflyingj.com/us/tx/edinburg/1305-e-monte-cristo-rd
66819,41.8227572,-89.4747414,https://www.openstreetmap.org/way/771586678
66843,31.6620252,-106.2381572,https://locations.pilotflyingj.com/us/tx/el-paso/1301-horizon-blvd
66858,33.2802497,-111.962264,https://www.openstreetmap.org/node/4854438923
66865,33.8904025,-98.4828232,https://locations.pilotflyingj.com/us/tx/wichita-falls/2311-old-jacksboro-hwy
66874,33.5932659,-101.8414191,https://locations.pilotflyingj.com/us/tx/lubbock/602-4th-st
66876,37.2552842,-87.4492883,https://www.openstreetmap.org/way/223215971
66877,46.7570101,-114.0817243,https://locations.pilotflyingj.com/us/mt/lolo/11882-us-93
66878,45.8157859,-108.4172392,https://locations.pilotflyingj.com/us/mt/billings/2711-n-frontage-rd
66892,42.2801905,-84.930575,https://www.openstreetmap.org/way/224604417
66894,35.7849749,-95.4014814,https://locations.pilotflyingj.com/us/ok/muskogee/3000-n-32nd-st
66897,32.1945542,-86.4203323,https://locations.pilotflyingj.com/us/al/hope-hull/900-tyson-rd
66898,37.3107337,-77.3918783,https://locations.pilotflyingj.com/us/va/colonial-heights/2126-ruffin-mill-rd
66899,35.0004305,-80.9782704,https://www.openstreetmap.org/way/225349683
66912,37.7260076,-113.0510253,https://www.openstreetmap.org/way/225054740
66914,35.5747028,-78.1459412,https://locations.pilotflyingj.com/us/nc/kenly/1800-princeton-kenly-rd
66923,34.2275126,-83.498977,https://www.openstreetmap.org/node/895095946
66925,34.8558894,-81.0063579,https://locations.pilotflyingj.com/us/sc/rock-hill/2435-mt-holly-rd
66927,38.0857985,-83.8992367,https://locations.pilotflyingj.com/us/ky/mount-sterling/3060-owingsville-rd
66928,27.6856257,-99.4647714,https://locations.pilotflyingj.com/us/tx/laredo/1011-beltway-pkwy
66929,38.5758906,-90.0983352,https://locations.pilotflyingj.com/us/il/east-saint-louis/140-racehorse-dr
66937,37.9814564,-91.71978,https://www.openstreetmap.org/way/677336596
66939,44.4539002,-87.9954453,https://www.openstreetmap.org/way/475537319
66941,33.0437769,-96.1773926,https://locations.pilotflyingj.com/us/tx/caddo-mills/2226-fm-1903
66945,37.4999867,-77.0894073,https://locations.pilotflyingj.com/us/va/providence-forge/6721-emmaus-church-rd
66956,37.0042165,-88.3185512,https://www.openstreetmap.org/way/225806477
66959,32.3453762,-88.7282724,https://locations.pilotflyingj.com/us/ms/meridian/1555-tommy-webb-dr
66962,39.5836986,-85.8185124,https://locations.pilotflyingj.com/us/in/shelbyville/1851-w-400-n
66964,40.8339598,-83.2454569,https://locations.pilotflyingj.com/us/oh/upper-sandusky/1600-e-wyandot-ave
66968,40.395805,-91.569996,https://locations.pilotflyingj.com/us/mo/wayland/102-fore-dr
66987,33.5141603,-82.5041028,https://www.openstreetmap.org/way/225050855
66993,41.3419404,-86.2642465,https://locations.pilotflyingj.com/us/in/plymouth/10619-9a-rd
66994,41.4163739,-84.1042562,https://locations.pilotflyingj.com/us/oh/napoleon/905-american-rd
66995,42.3771032,-77.3638463,https://locations.pilotflyingj.com/us/ny/bath/7767-state-route-53
66997,32.5820044,-93.2484324,https://www.openstreetmap.org/way/225869958
67009,43.1450179,-93.3584934,https://locations.pilotflyingj.com/us/ia/clear-lake/2411-us-18
67034,41.1733399,-83.6518762,https://www.openstreetmap.org/node/11113139587
67037,40.9965463,-81.9943785,https://www.openstreetmap.org/way/225055027
67038,31.5809233,-84.0858248,https://locations.pilotflyingj.com/us/ga/albany/310-cordele-rd
67040,31.1912783,-85.400108,https://locations.pilotflyingj.com/us/al/dothan/2190-ross-clark-cir
67044,33.6335131,-113.7684425,https://locations.pilotflyingj.com/us/az/salome/48286-vicksburg-rd
67051,38.4869797,-90.7587769,https://locations.pilotflyingj.com/us/mo/pacific/1475-thornton-st
67054,40.7698551,-111.940788,https://www.openstreetmap.org/way/225054893
67055,42.6604208,-112.2068603,https://locations.pilotflyingj.com/us/id/mccammon/587-e-us-30
67057,42.4976237,-73.6746987,https://locations.pilotflyingj.com/us/ny/castleton-on-hudson/995-us-9
67058,39.9076653,-88.8959821,https://locations.pilotflyingj.com/us/il/decatur/4030-e-boyd-rd
67060,46.9534846,-122.9350358,https://locations.pilotflyingj.com/us/wa/olympia/2430-93rd-avenue-sw
67063,29.6761537,-98.1557919,https://locations.pilotflyingj.com/us/tx/new-braunfels/4142-tx-337-loop
67064,35.5265945,-98.3512643,https://www.openstreetmap.org/node/11687479398
67067,40.0778674,-104.648352,https://www.openstreetmap.org/node/4182375319
67069,39.2754901,-103.7090322,https://locations.pilotflyingj.com/us/co/limon/2495-williams-ave
67073,40.9647602,-80.1396745,https://locations.pilotflyingj.com/us/pa/portersville/2010-new-castle-rd
67081,33.1598486,-84.8712874,https://www.openstreetmap.org/way/225050448
67082,39.6298918,-77.7827548,https://locations.pilotflyingj.com/us/md/hagerstown/16921-halfway-blvd
67085,41.0919712,-74.155581,https://locations.pilotflyingj.com/us/nj/mahwah/230-nj-17-s
67088,34.2402895,-81.4590634,https://locations.pilotflyingj.com/us/sc/prosperity/2221-sc-773
67106,37.1842977,-77.3184123,https://locations.pilotflyingj.com/us/va/disputanta/4610-county-dr
67125,41.1731985,-80.5693148,https://www.openstreetmap.org/way/220784541
67126,35.6829641,-88.7773527,https://locations.pilotflyingj.com/us/tn/jackson/30-sand-pebble-dr
67129,39.3642035,-101.0325012,https://locations.pilotflyingj.com/us/ks/colby/1110-e-willow-ave
67130,41.4574327,-88.1922368,https://locations.pilotflyingj.com/us/il/channahon/23841-w-eames-st
67133,41.0988663,-114.9597364,https://www.openstreetmap.org/way/220070308
67137,40.9313859,-117.8055892,https://locations.pilotflyingj.com/us/nv/winnemucca/5625-w-winnemucca-blvd
67155,38.9708539,-89.1360665,https://locations.pilotflyingj.com/us/il/vandalia/10-interstate-dr
67162,41.697872,-92.359042,https://locations.pilotflyingj.com/us/ia/brooklyn/4126-ia-21
67163,40.5174748,-76.1115035,https://www.openstreetmap.org/way/645515149
67164,39.2560229,-112.1170877,https://locations.pilotflyingj.com/us/ut/scipio/810-n-800-w-st
67167,44.0445948,-116.9759732,https://www.openstreetmap.org/way/1317725115
67175,43.3713937,-92.1118936,https://www.openstreetmap.org/node/9984493478
67182,43.1842963,-91.8645828,https://www.openstreetmap.org/node/957809643
67185,44.4546623,-93.16723,https://www.openstreetmap.org/way/1181009383
67192,43.954203,-92.4717817,https://www.openstreetmap.org/node/1342236630
67193,43.8051658,-91.7542736,https://www.openstreetmap.org/way/168816948
67196,43.9972884,-92.2479074,https://www.openstreetmap.org/node/1583445707
67200,44.7534353,-90.2916716,https://www.openstreetmap.org/node/7271044205
67202,44.2904854,-91.2412753,https://www.openstreetmap.org/node/3843466842
67204,45.1040226,-92.5369475,https://www.openstreetmap.org/node/7419673095
67206,44.8859008,-91.4178697,https://www.openstreetmap.org/way/216558636
67207,43.1703057,-88.731919,https://www.openstreetmap.org/node/2955425912
67208,43.3149913,-90.3511095,https://www.openstreetmap.org/node/3121522447
67209,45.1804962,-89.6676926,https://www.openstreetmap.org/node/5859562970
67211,43.8539119,-88.8616864,https://www.openstreetmap.org/way/251404341
67219,45.4646766,-91.1117801,https://www.openstreetmap.org/way/1322056015
67220,42.9709723,-89.5130636,https://www.openstreetmap.org/way/675830419
67221,43.9894205,-88.5857467,https://www.openstreetmap.org/way/899058639
67223,45.4739758,-91.754292,https://www.openstreetmap.org/node/6010008672
67226,43.9229632,-91.2452415,https://www.openstreetmap.org/node/7178523488
67229,44.3359022,-88.6309464,https://www.openstreetmap.org/way/775431740
67230,43.76427,-91.2101209,https://www.openstreetmap.org/node/3657257727
67233,44.1825626,-88.0646792,https://www.openstreetmap.org/way/769786953
67234,43.6813641,-90.265628,https://www.openstreetmap.org/way/1327355898
67235,30.811624,-97.6117736,https://locations.pilotflyingj.com/us/tx/jarrell/11710-n-i-35
67243,34.7244471,-114.3153797,https://www.openstreetmap.org/way/264993829
67262,33.5930321,-86.1592193,https://locations.pilotflyingj.com/us/al/lincoln/130-honda-dr
67271,44.6233291,-93.7570457,https://www.openstreetmap.org/node/4836158573
67272,48.370038,-114.2399991,https://locations.pilotflyingj.com/us/mt/columbia-falls/6102-us-2
67274,42.4833215,-91.4702055,https://www.openstreetmap.org/node/8206019385
67275,44.5676777,-92.6252432,https://www.openstreetmap.org/node/2089292144
67283,36.1772523,-85.9486174,https://locations.pilotflyingj.com/us/tn/gordonsville/502-gordonsville-hwy
67284,41.1025566,-100.7243169,https://www.openstreetmap.org/way/225057377
67293,43.5669019,-88.9162773,https://www.openstreetmap.org/node/9414098535
67296,36.3818449,-114.8962095,https://www.openstreetmap.org/way/225364818
67316,36.7290921,-102.5000161,https://www.openstreetmap.org/way/226285797
67322,34.3159845,-88.7911133,https://www.openstreetmap.org/way/225873290
67337,42.8714841,-87.9330416,https://www.openstreetmap.org/way/437700457
67348,41.9138845,-80.5701603,https://www.openstreetmap.org/node/8082089658
67357,46.8320766,-96.8448793,https://www.openstreetmap.org/way/225056492
67358,44.8729595,-92.6211335,https://www.openstreetmap.org/node/5757462600
67364,42.9962456,-88.259353,https://www.openstreetmap.org/node/7183376542
67365,44.0731965,-87.700124,https://www.openstreetmap.org/way/226013389
67366,42.9448895,-88.1096898,https://www.openstreetmap.org/way/815790015
67367,43.5750958,-90.8882119,https://www.openstreetmap.org/node/2397971801
67368,43.5339274,-89.4436628,https://www.openstreetmap.org/way/891128735
67393,33.4311834,-112.5913991,https://www.openstreetmap.org/way/223537903
67414,45.8609554,-95.4234375,https://locations.pilotflyingj.com/us/mn/alexandria/3181-evergreen-ln-sw
67432,28.1181341,-81.6391481,https://locations.pilotflyingj.com/us/fl/haines-city/35647-us-27
67440,39.538934,-79.9944461,https://locations.pilotflyingj.com/us/wv/morgantown/2309-smithtown-rd
67442,35.54463959,-84.56562042,https://locations.pilotflyingj.com/us/tn/niota/507-hwy-309
67443,35.2329004,-85.825517,https://locations.pilotflyingj.com/us/tn/monteagle/640-dixie-lee-ave
67612,46.9550898,-114.1323564,https://locations.pilotflyingj.com/us/mt/missoula/8745-hwy-93-n
67613,42.4703604,-92.4466442,https://www.openstreetmap.org/node/3951963019
67614,44.0294491,-92.6476831,https://www.openstreetmap.org/node/1475024556
67615,44.4430094,-92.2752181,https://www.openstreetmap.org/way/1214553378
67616,44.2888483,-88.4772806,https://www.openstreetmap.org/way/642410177
67620,34.7397992,-97.2226607,https://www.openstreetmap.org/node/12760087525
67623,47.7108644,-117.0039317,https://www.openstreetmap.org/way/223313114
67624,39.7407236,-104.4343359,https://www.openstreetmap.org/way/224603696
67626,44.870103,-94.3746775,https://www.openstreetmap.org/way/1152311420
67627,28.8736323,-82.090586,https://locations.pilotflyingj.com/us/fl/wildwood/744-fl-44
67629,45.2173925,-93.598327,https://www.openstreetmap.org/way/757330284
67635,41.5371258,-83.4666151,https://www.openstreetmap.org/way/223010493
67636,38.5726626,-95.2659971,https://www.openstreetmap.org/node/1881267062
67656,44.3551851,-89.1187022,https://www.openstreetmap.org/way/661876007
67657,44.2828475,-92.6678321,https://www.openstreetmap.org/node/2479666290
67683,40.8488975,-99.9854973,https://www.openstreetmap.org/node/8805633253
67685,41.9763727,-91.6190608,https://www.openstreetmap.org/node/3722124986
67793,41.0407548,-93.7955667,https://locations.pilotflyingj.com/us/ia/osceola/2010-w-clay-st
67815,39.6159964,-86.4790292,https://www.openstreetmap.org/way/229464669
67818,34.6569452,-92.4125214,https://www.openstreetmap.org/way/893136392
67829,43.169239,-89.0698414,https://www.openstreetmap.org/way/1175330309
67837,30.0545276,-97.6899568,https://locations.pilotflyingj.com/us/tx/buda/10700-u.s.-hwy-183-n.
67859,27.2114937,-98.141729,https://locations.pilotflyingj.com/us/tx/falfurrias/1419-us-281
67865,25.9255267,-80.2451434,https://locations.pilotflyingj.com/us/fl/opa-locka/16650-nw-27th-ave
67943,39.9791264,-86.3953228,https://www.openstreetmap.org/way/225347312
67976,44.8875446,-88.0454783,https://www.openstreetmap.org/node/11168310864
68154,41.072793,-87.866766,https://www.openstreetmap.org/way/225052008
68243,47.242027,-122.4120431,https://locations.pilotflyingj.com/us/wa/tacoma/1440-puyallup-ave
68276,43.0673388,-92.3282659,https://www.openstreetmap.org/node/3048023544
68302,33.1940086,-80.6023074,https://locations.pilotflyingj.com/us/sc/saint-george/113-motel-dr
68335,35.1527995,-84.9531823,https://locations.pilotflyingj.com/us/tn/mcdonald/281-pleasant-grove-road-sw
68359,33.7912266,-87.2420682,https://www.openstreetmap.org/way/1258811613
68367,31.998197,-106.5812225,https://www.openstreetmap.org/way/225718776
68375,38.4801317,-78.8184653,https://locations.pilotflyingj.com/us/va/harrisonburg/3634-n-valley-pike
68377,33.6040319,-81.8417964,https://locations.pilotflyingj.com/us/sc/graniteville/574-bettis-academy-rd
68378,42.976691,-82.542045,https://locations.pilotflyingj.com/us/mi/smiths-creek/2424-wadhams-rd
68386,44.6166558,-88.763015,https://www.openstreetmap.org/way/1092517396
68405,31.4484808,-96.0790069,https://locations.pilotflyingj.com/us/tx/buffalo/2605-w-commerce-st
68466,42.6596385,-88.2604146,https://www.openstreetmap.org/way/1339888403
68535,43.0675272,-91.1361457,https://www.openstreetmap.org/way/248405660
68622,38.7051746,-80.6635571,https://locations.pilotflyingj.com/us/wv/sutton/270-scott-fork-rd
68623,41.0596662,-84.9801287,https://locations.pilotflyingj.com/us/in/new-haven/3105-s-doyle-rd
68624,30.4384033,-88.5288094,https://locations.pilotflyingj.com/us/ms/moss-point/6705-ms-63
68625,44.9629352,-92.5603506,https://locations.pilotflyingj.com/us/wi/roberts/1191-70th-ave
68653,43.7904738,-87.7620716,https://www.openstreetmap.org/node/4760745942
68659,44.0446144,-92.5146296,https://www.openstreetmap.org/node/2020794918
68737,44.5343826,-89.5758985,https://www.openstreetmap.org/relation/12894255
68798,31.3387149,-110.9669164,https://locations.pilotflyingj.com/us/az/nogales/330-n-mariposa-rd
68831,45.1252379,-93.2364371,https://www.openstreetmap.org/way/1120647522
68841,30.7603937,-81.6489489,https://locations.pilotflyingj.com/us/ga/st.-mary's/491-st-mary's-rd
68843,29.219594,-98.4150702,https://locations.pilotflyingj.com/us/tx/san-antonio/4105-s-loop-1604-e
68844,30.9055722,-102.8852688,https://locations.pilotflyingj.com/us/tx/fort-stockton/2571-n-front-st
68845,36.6067045,-77.5609604,https://locations.pilotflyingj.com/us/va/skippers/781-moore's-ferry-rd
68885,28.4526525,-99.2382238,https://locations.pilotflyingj.com/us/tx/cotulla/921-n-i-35
68891,35.8729943,-84.3237457,https://www.openstreetmap.org/node/12251212282
68924,42.6343607,-89.0304935,https://www.openstreetmap.org/node/7330183230
68926,42.9903905,-88.8076322,https://www.openstreetmap.org/node/2931170317
68928,35.0110456,-106.0438639,https://locations.pilotflyingj.com/us/nm/moriarty/305-w-abrahames-rd
68930,32.2687875,-81.0806398,https://locations.pilotflyingj.com/us/sc/hardeeville/15976-whyte-hardee-blvd
68946,39.9036521,-84.1926008,https://locations.pilotflyingj.com/us/oh/vandalia/175-northwoods-blvd
68947,32.1255814,-110.8735462,https://locations.pilotflyingj.com/us/az/tucson/5570-e-travel-plaza-way
68951,44.5522556,-90.5957404,https://www.openstreetmap.org/way/501064020
68971,31.8647723,-102.3019668,https://locations.pilotflyingj.com/us/tx/odessa/5900-e-i-20
69002,44.5222352,-89.5245684,https://www.openstreetmap.org/way/612411552
69006,40.0575365,-81.05097,https://locations.pilotflyingj.com/us/oh/belmont/663-belmont-morristown-rd
69009,33.1004149,-97.4703761,https://locations.pilotflyingj.com/us/tx/rhome/8221-us-287
69010,31.3178073,-94.6985369,https://locations.pilotflyingj.com/us/tx/lufkin/1920-e-denman-ave
69043,44.9139703,-89.6483537,https://www.openstreetmap.org/relation/17601448
69051,38.5554689,-89.8059702,https://locations.pilotflyingj.com/us/il/mascoutah/9810-perrin-rd
69052,34.6994655,-113.6102127,https://locations.pilotflyingj.com/us/az/wikieup/18183-us-93
69053,33.765266,-112.5139629,https://locations.pilotflyingj.com/us/az/wittmann/31120-us-60
69055,29.8142997,-82.1685194,https://locations.pilotflyingj.com/us/fl/waldo/17276-ne-us-hwy-301
69073,40.1629727,-111.6518549,https://www.openstreetmap.org/way/923227496
69077,28.337268,-98.024215,https://locations.pilotflyingj.com/us/tx/george-west/4066-us-59
69078,32.2655182,-101.4745571,https://locations.pilotflyingj.com/us/tx/big-spring/706-e-i-20-frontage-rd
69132,31.1904977,-101.4497547,https://locations.pilotflyingj.com/us/tx/big-lake/1310-us-67
69133,32.6974031,-103.1836776,https://locations.pilotflyingj.com/us/nm/hobbs/3710-w-carlsbad-hwy
69141,37.753261,-100.0119801,https://www.openstreetmap.org/node/12760078840
69151,39.1124811,-108.647565,https://locations.pilotflyingj.com/us/co/grand-junction/2195-hwy-6-and-50
69152,35.2188202,-91.7169866,https://www.openstreetmap.org/node/11684379542
69153,34.1166897,-86.8635152,https://locations.pilotflyingj.com/us/al/cullman/1600-county-road-437
69155,36.6961831,-97.3492505,https://locations.pilotflyingj.com/us/ok/tonkawa/16600-w-south-ave
69171,41.5859751,-90.5730449,https://www.openstreetmap.org/way/344118524
69172,44.8334156,-91.4481195,https://www.openstreetmap.org/node/5764340224
69174,45.6361313,-89.3792751,https://www.openstreetmap.org/way/1179540150
69176,47.684523,-104.1772154,https://locations.pilotflyingj.com/us/mt/sidney/3150-s-central-ave
69185,36.6623525,-76.9394735,https://www.openstreetmap.org/node/5225548348
69188,45.7744806,-111.1995545,https://locations.pilotflyingj.com/us/mt/belgrade/561-business-hub-dr
69189,30.8931646,-102.8524503,https://www.openstreetmap.org/way/1259614187
69190,30.7339651,-86.348269,https://www.openstreetmap.org/node/11684347254
69211,45.396424,-92.9976721,https://www.openstreetmap.org/way/698140841
69221,41.3953094,-88.4207923,https://locations.pilotflyingj.com/us/il/morris/3801-n-division-st
69222,34.4351215,-100.2309026,https://locations.pilotflyingj.com/us/tx/childress/2301-avenue-f-nw
69223,31.4276658,-85.6189106,https://www.openstreetmap.org/way/1147422695
69233,39.3390026,-82.9520042,https://locations.pilotflyingj.com/us/oh/chillicothe/1111-e-main-st
69234,46.8335812,-92.2068839,https://www.openstreetmap.org/way/767610853
69235,46.7211449,-92.1060712,https://www.openstreetmap.org/way/722959041
69236,44.5013513,-88.3200896,https://www.openstreetmap.org/node/11548244123
69237,42.9148366,-88.219747,https://www.openstreetmap.org/node/12864184411
69238,43.7526176,-88.4629468,https://www.openstreetmap.org/way/389811718
69288,41.8261331,-90.5515765,https://www.openstreetmap.org/node/1783918069
69290,43.7490172,-88.4653926,https://www.openstreetmap.org/node/4108451495
69291,38.9319679,-111.8538972,https://www.openstreetmap.org/way/494917451
69294,43.9402368,-90.7862995,https://www.openstreetmap.org/node/3103386667
69297,45.1789825,-89.6525705,https://www.openstreetmap.org/node/3666443171
69306,30.5162908,-83.058748,https://locations.pilotflyingj.com/us/fl/jasper/8067-fl-6
69307,38.8897013,-89.8345657,https://www.openstreetmap.org/way/594352184
69309,40.9828218,-91.53993,https://locations.pilotflyingj.com/us/ia/mount-pleasant/1300-n-grand-ave
69310,30.5056646,-99.7764519,https://locations.pilotflyingj.com/us/tx/junction/2342-n-main-st
69330,44.484996,-87.9183535,https://www.openstreetmap.org/node/594502970
69384,44.2972158,-88.2711969,https://www.openstreetmap.org/way/659395818
69401,41.2280056,-95.8533517,https://www.openstreetmap.org/way/698747745
69405,32.3739292,-99.0068081,https://locations.pilotflyingj.com/us/tx/cisco/16851-i-20-frontage-rd
69439,38.37038,-97.6150598,https://www.openstreetmap.org/node/4497332429
69484,43.9611278,-89.8181935,https://www.openstreetmap.org/node/1925751494
69495,35.7716167,-95.3410345,https://www.openstreetmap.org/node/13822955265
69496,39.8432791,-85.557363,https://www.openstreetmap.org/node/9588805132
69504,44.1607099,-92.1658926,https://www.openstreetmap.org/way/1036896716
69505,42.8807952,-88.3405792,https://www.openstreetmap.org/node/7177926380
69506,42.9021825,-87.9267764,https://www.openstreetmap.org/way/899339913
69508,43.9686972,-88.9531696,https://www.openstreetmap.org/node/1486229975
69513,44.9288834,-90.3126782,https://www.openstreetmap.org/node/6384655674
69514,31.9804824,-102.0335856,https://locations.pilotflyingj.com/us/tx/midland/3302-garden-city-hwy
69528,41.8919596,-91.6744245,https://www.openstreetmap.org/way/744224826
69531,43.1466031,-93.3489384,https://www.openstreetmap.org/way/964387988
69541,35.23537445,-102.4285965,https://locations.pilotflyingj.com/us/tx/vega/6555-us-385
69542,41.6633529,-87.7009418,https://locations.pilotflyingj.com/us/il/alsip/12680-s-kedzie-ave
69545,32.1945578,-96.8989515,https://www.openstreetmap.org/node/7724941761
69546,46.0096889,-92.9262514,https://www.openstreetmap.org/way/1203414739
69547,44.229247,-88.422973,https://www.openstreetmap.org/way/633149443
69550,46.7308122,-92.1799678,https://www.openstreetmap.org/way/1111531834
69565,42.7407969,-86.0704831,https://locations.pilotflyingj.com/us/mi/holland/853-interchange-dr
69566,41.4800317,-88.0795798,https://locations.pilotflyingj.com/us/il/joliet/40-e-laraway-rd
69567,46.433001,-92.7558568,https://www.openstreetmap.org/node/6357081519
69568,42.7702691,-88.9304946,https://www.openstreetmap.org/way/773583919
69576,34.3645731,-96.1406451,https://locations.pilotflyingj.com/us/ok/atoka/1954-s-mississippi-ave
69616,39.4114794,-84.1503563,https://locations.pilotflyingj.com/us/oh/lebanon/3140-oh-350
69626,36.7344158,-91.8498923,https://www.openstreetmap.org/way/480232545
69637,41.90330124,-88.12294006,https://locations.pilotflyingj.com/us/il/carol-stream/170-w-north-ave
69654,36.7196649,-95.6290515,https://www.openstreetmap.org/way/1101471544
69668,36.8538881,-89.5833687,https://www.openstreetmap.org/way/1259731683
69680,41.7545299,-87.7991951,https://locations.pilotflyingj.com/us/il/bridgeview/7501-s-harlem-ave
69681,33.593892,-86.1215833,https://locations.pilotflyingj.com/us/al/lincoln/75750-al-77
69682,36.3767575,-84.2486992,https://locations.pilotflyingj.com/us/tn/pioneer/106-comfort-ln
69684,44.9004847,-89.5280371,https://www.openstreetmap.org/node/8313401454
69686,39.9539938,-90.2089728,https://www.openstreetmap.org/way/1272612067
69711,30.3716433,-81.7644103,https://locations.pilotflyingj.com/us/fl/jacksonville/4075-jones-branch-rd
69720,26.6668053,-80.7164824,https://locations.pilotflyingj.com/us/fl/south-bay/210-us-27
69740,36.7559784,-81.8564451,https://www.openstreetmap.org/node/7556562928
69741,33.4585355,-112.2392015,https://www.openstreetmap.org/way/1004594292
69743,39.8348865,-97.6379352,https://www.openstreetmap.org/node/11494876813
69745,34.9465243,-104.6518134,https://locations.pilotflyingj.com/us/nm/santa-rosa/2464-u.s.-route-66
69755,32.903569,-79.9845578,https://locations.pilotflyingj.com/us/sc/charleston/5714-n-rhett-ave
69784,45.5670059,-94.1342457,https://www.openstreetmap.org/way/770029178
69789,29.6022162,-82.0869032,https://www.openstreetmap.org/node/5571348088
69791,36.3324255,-102.0732117,https://locations.pilotflyingj.com/us/tx/stratford/100-s-poplar-st
69792,37.2136396,-93.3823566,https://locations.pilotflyingj.com/us/mo/springfield/4939-w-chestnut-expy
69797,45.5575521,-94.1298326,https://www.openstreetmap.org/way/689376857
69804,43.0481355,-88.25817,https://www.openstreetmap.org/node/7338817970
69819,40.5540231,-85.5544149,https://locations.pilotflyingj.com/us/in/marion/6255-in-18
69825,45.6106321,-94.1766789,https://www.openstreetmap.org/way/771705085
69827,44.8807429,-91.9050357,https://www.openstreetmap.org/node/6835215490
69833,36.1755037,-94.5733548,https://www.openstreetmap.org/way/650426297
69837,41.6001723,-87.5797774,https://www.openstreetmap.org/way/1259728858
69848,45.6554926,-89.3993594,https://www.openstreetmap.org/way/877697552
69852,47.0252154,-91.6807942,https://www.openstreetmap.org/way/767605080
69854,43.3895316,-89.4702825,https://www.openstreetmap.org/way/1058435665
69855,43.1224522,-92.7357928,https://www.openstreetmap.org/way/1256837489
69873,44.6276337,-90.1385488,https://www.openstreetmap.org/way/1056516360
69875,42.0117695,-97.4282331,https://www.openstreetmap.org/way/1258805549
69877,39.5742283,-91.4044174,https://www.openstreetmap.org/way/1257599261
69881,45.1552902,-93.8471161,https://www.openstreetmap.org/way/329484970
69900,39.8938824,-83.7222527,https://www.openstreetmap.org/node/5827482088
69901,44.1532555,-87.5679109,https://www.openstreetmap.org/way/995445025
69906,37.6464493,-95.4756318,https://www.openstreetmap.org/way/1100890473
69908,40.918394,-90.2937707,https://www.openstreetmap.org/way/1324938623
69921,39.2529976,-88.152125,https://www.openstreetmap.org/node/12257901084
69922,41.509248,-112.0537895,https://www.openstreetmap.org/way/942931981
69934,46.666554,-92.1049857,https://www.openstreetmap.org/way/788727909
69957,32.7174739,-83.7326244,https://www.openstreetmap.org/node/11691981008
69960,47.1167925,-104.7370226,https://locations.pilotflyingj.com/us/mt/glendive/73-mt-16
69975,38.0143553,-97.9412661,https://www.openstreetmap.org/node/11487080977
69976,43.58819,-89.8059696,https://www.openstreetmap.org/way/908240717
69977,43.4603789,-89.7671895,https://www.openstreetmap.org/node/4884832293
69979,46.2197204,-119.7928811,https://www.openstreetmap.org/node/11254003235
69987,45.7495725,-107.611338,https://www.openstreetmap.org/node/7527860521
69988,43.6769264,-87.7572576,https://www.openstreetmap.org/way/982057634
69995,32.084178,-110.8033245,https://locations.pilotflyingj.com/us/az/tucson/9255-s-rita-rd
70007,28.3748043,-80.802004,https://locations.pilotflyingj.com/us/fl/cocoa/1101-friday-rd
70009,42.6038651,-89.6501826,https://www.openstreetmap.org/node/591382404
70011,44.0923869,-92.5098531,https://www.openstreetmap.org/node/5200822384
70024,44.4979806,-88.0476911,https://www.openstreetmap.org/way/616309431
70032,42.4557768,-92.3753402,https://www.openstreetmap.org/node/11230225678
70042,42.5067017,-93.2635743,https://www.openstreetmap.org/way/1392382950
70043,46.6639048,-92.4713038,https://www.openstreetmap.org/node/6791922142
70049,41.9447223,-91.667424,https://www.openstreetmap.org/way/778656605
70050,43.251471,-89.3255817,https://www.openstreetmap.org/way/779784938
70053,43.1124163,-89.5107224,https://www.openstreetmap.org/way/332978974
70058,44.0593754,-92.5279028,https://www.openstreetmap.org/node/5200826289
70059,46.6041629,-90.855216,https://www.openstreetmap.org/way/911659998
70062,42.9762753,-88.2361667,https://www.openstreetmap.org/node/9139662012
70066,43.0149301,-89.4694137,https://www.openstreetmap.org/way/1148057951
70067,44.3052239,-90.8450567,https://www.openstreetmap.org/way/805206553
70075,45.5327633,-92.0303854,https://www.openstreetmap.org/way/777025152
70078,44.8423746,-91.588697,https://www.openstreetmap.org/node/6959929322
70079,34.396157,-103.153025,https://locations.pilotflyingj.com/us/nm/clovis/4100-mabry-dr
70080,41.0483937,-86.2177461,https://locations.pilotflyingj.com/us/in/rochester/389-rochester-crossing-dr
70081,40.3530713,-80.6172111,https://locations.pilotflyingj.com/us/oh/steubenville/435-s-3rd-st
70082,45.9201224,-89.6948372,https://www.openstreetmap.org/node/3647852247
70083,43.143118,-89.7462733,https://www.openstreetmap.org/way/749696974
70085,41.9879545,-87.9603302,https://locations.pilotflyingj.com/us/il/bensenville/1050-busse-rd
70087,40.719338,-74.12474,https://locations.pilotflyingj.com/us/nj/newark/400-doremus-ave
70088,45.9233108,-90.4498755,https://www.openstreetmap.org/node/3660813693
70095,33.2211937,-97.7383673,https://www.openstreetmap.org/way/1054505828
70097,43.7456143,-87.8209989,https://www.openstreetmap.org/way/1167599455
70098,46.5824977,-90.9048509,https://www.openstreetmap.org/way/911663040
70099,33.6391194,-97.1538439,https://www.openstreetmap.org/way/865207611
70100,32.1959002,-86.4153168,https://www.openstreetmap.org/way/1259755651
70104,40.2661449,-103.6399969,https://www.openstreetmap.org/way/695758521
70107,40.6524506,-82.5460728,https://www.openstreetmap.org/way/1017955731
70111,43.2507296,-89.3695996,https://www.openstreetmap.org/way/779793262
70143,45.4102583,-94.0599161,https://www.openstreetmap.org/node/8009948686
70157,42.4621813,-92.403849,https://www.openstreetmap.org/way/1073996101
70158,33.080571,-80.2108677,https://locations.pilotflyingj.com/us/sc/summerville/799-jedburg-rd
70159,37.1563787,-77.2744303,https://www.openstreetmap.org/way/1117027718
70162,36.7139838,-76.6699445,https://locations.pilotflyingj.com/us/va/suffolk/2400-holland-rd
70168,45.5639589,-94.2913006,https://www.openstreetmap.org/way/961734779
70174,42.9896663,-82.9289302,https://www.openstreetmap.org/node/5842363688
70183,31.8258008,-103.9086407,https://locations.pilotflyingj.com/us/tx/orla/3752-us-285-n
70185,31.8435749,-103.1038993,https://locations.pilotflyingj.com/us/tx/kermit/127-tx-302
70187,31.4013776,-103.520421,https://locations.pilotflyingj.com/us/tx/pecos/2500-s-bickley-ave
70190,34.6529577,-106.7933704,https://www.openstreetmap.org/way/759264386
70191,34.1731834,-98.4988182,https://www.openstreetmap.org/way/1080391282
70192,31.3609086,-92.5888854,https://www.openstreetmap.org/node/11114476149
70207,32.6927832,-97.518294,https://locations.pilotflyingj.com/us/tx/fort-worth/1301-markum-ranch-rd-e
70221,41.8913838,-91.6671873,https://locations.pilotflyingj.com/us/ia/cedar-rapids/8950-earhart-ln-sw
70236,35.6198916,-105.2075984,https://www.openstreetmap.org/node/8149672733
70254,38.9334261,-97.2589561,https://www.openstreetmap.org/way/1257615931
70256,27.9174094,-81.7189421,https://locations.pilotflyingj.com/us/fl/bartow/7990-sr-60
70258,43.9927892,-95.7527106,https://www.openstreetmap.org/way/971268667
70266,31.7847366,-102.477157,https://locations.pilotflyingj.com/us/tx/odessa/3145-meteor-crater-rd
70268,41.3371136,-92.2048485,https://www.openstreetmap.org/way/1177413449
70269,42.5241266,-96.4969297,https://www.openstreetmap.org/way/965645865
70277,45.2963796,-92.3664088,https://www.openstreetmap.org/way/798479037
70278,44.2907429,-88.3123198,https://www.openstreetmap.org/way/759457978
70281,41.9647785,-83.3450195,https://www.openstreetmap.org/node/6928859177
70292,36.78195405639525,-114.1396267418146,https://locations.pilotflyingj.com/us/nv/mesquite/1057-s.-lower-flat-top-drive
70293,45.4071707,-91.7347893,https://www.openstreetmap.org/way/934045102
70298,32.7059807,-80.8744329,https://www.openstreetmap.org/way/585534949
70299,30.41295,-81.5717923,https://locations.pilotflyingj.com/us/fl/jacksonville/3515-zoo-pkwy
70300,33.4144829,-111.9963571,https://locations.pilotflyingj.com/us/az/phoenix/3444-s-40th-st
70303,42.527977,-92.3369135,https://www.openstreetmap.org/node/11228811921
70305,35.4973273,-97.9025897,https://www.openstreetmap.org/way/1259752265
70308,44.666111,-88.229266,https://www.openstreetmap.org/way/744214958
70309,32.1207164,-103.1887085,https://locations.pilotflyingj.com/us/nm/jal/410-e-kansas-ave
70321,32.97791,-115.503928,https://locations.pilotflyingj.com/us/ca/brawley/234-ben-hulse-hwy
70323,40.1307449,-87.7778539,https://www.openstreetmap.org/way/1212472209
70326,31.5874934,-102.9174045,https://locations.pilotflyingj.com/us/tx/monahans/101-s-loop-464-rd
70331,37.7940916,-79.8846531,https://www.openstreetmap.org/way/1061161519
70333,41.6627874,-93.4638604,https://www.openstreetmap.org/way/1191247434
70334,42.6096174,-89.3773753,https://www.openstreetmap.org/way/779819154
70343,48.1870046,-122.1965918,https://locations.pilotflyingj.com/us/wa/arlington/2430-wa-530
70344,45.5561256,-93.5849257,https://www.openstreetmap.org/node/9197354227
70345,42.7830787,-86.0231128,https://www.openstreetmap.org/node/8238942763
70352,45.4934912,-93.2414365,https://www.openstreetmap.org/way/1161258579
70359,36.8971773,-113.9105181,https://locations.pilotflyingj.com/us/az/littlefield/4031-fleet-st
70373,44.4020114,-88.7430756,https://www.openstreetmap.org/way/764361693
70380,35.2556708,-80.9811178,https://www.openstreetmap.org/node/11711708210
70388,31.615049836,-102.81119209,https://locations.pilotflyingj.com/us/tx/monahans/4840-e-i-20
70389,31.9675664,-102.2523331,https://locations.pilotflyingj.com/us/tx/midland/11501-tx-191-e
70390,31.8535357,-103.0676714,https://locations.pilotflyingj.com/us/tx/kermit/700-tx-302
70406,41.8979957,-89.0672408,https://www.openstreetmap.org/node/7729842306
70424,43.3486132,-83.8616242,https://www.openstreetmap.org/node/8019952856
70425,41.037055,-80.1274891,https://www.openstreetmap.org/way/1150067310
70445,46.1287243,-98.0913774,https://www.openstreetmap.org/way/96425200
70467,41.2529382,-95.9841586,https://www.openstreetmap.org/way/817903299
70492,44.9531579,-89.6546059,https://www.openstreetmap.org/relation/20018383
70493,34.8153681,-91.5673622,https://www.openstreetmap.org/way/1245725280
70495,33.3304703,-91.2926119,https://www.openstreetmap.org/node/11136615064
70498,44.9592088,-90.9368093,https://www.openstreetmap.org/way/1208641145
70539,39.418978,-87.6946522,https://locations.pilotflyingj.com/us/il/marshall/104-w-trefz-dr
70552,46.7404496,-92.2163977,https://www.openstreetmap.org/way/1038154348
70560,32.6978828,-113.9532945,https://locations.pilotflyingj.com/us/az/tacna/9250-s-avenue-40-e
70561,31.8764138,-102.4222521,https://locations.pilotflyingj.com/us/tx/odessa/4200-tx-302
70563,35.7001766,-114.476603,https://locations.pilotflyingj.com/us/az/willow-beach/12683-white-hills-rd
70572,42.8636455,-82.558358,https://www.openstreetmap.org/node/7242834326
70573,43.2935867,-89.7582161,https://www.openstreetmap.org/way/909341997
70576,44.9039233,-91.9337623,https://www.openstreetmap.org/way/891346117
70580,46.9470198,-114.133624,https://www.openstreetmap.org/node/7798799746
70582,41.5922335,-90.4599699,https://www.openstreetmap.org/way/1544368914
70583,36.9746701,-91.9401715,https://www.openstreetmap.org/way/1257614603
70584,31.9685165,-102.0731046,https://locations.pilotflyingj.com/us/tx/midland/2810-rankin-hwy
70585,32.3071262,-102.5422173,https://locations.pilotflyingj.com/us/tx/andrews/1103-s-main-st
70592,34.1396983,-80.7489165,https://www.openstreetmap.org/node/10228325504
70593,34.4429806,-84.9155315,https://www.openstreetmap.org/node/13149411586
70604,43.2707285,-93.634494,https://www.openstreetmap.org/node/2451240681
70608,45.2072124,-93.3790776,https://www.openstreetmap.org/node/9947960712
70619,44.7698098,-94.1280503,https://www.openstreetmap.org/way/1079787894
70624,41.5556741,-90.5189137,https://www.openstreetmap.org/way/1562653845
70628,47.0053718,-120.5865244,https://locations.pilotflyingj.com/us/wa/ellensburg/1307-n-dolarway-rd
70629,45.5091058,-92.9983421,https://www.openstreetmap.org/way/1199247805
70638,39.0819108,-95.7259068,https://www.openstreetmap.org/node/11390050274
70641,38.0219052,-79.1431771,https://www.openstreetmap.org/way/1021489859
70642,32.3627543,-90.667372,https://www.openstreetmap.org/node/10858239573
70643,32.5369142,-85.082787,https://www.openstreetmap.org/node/10134120317
70646,44.5135655,-87.9061322,https://www.openstreetmap.org/way/888994976
70647,31.52783775,-103.1197739,https://locations.pilotflyingj.com/us/tx/pyote/164-fm-1927
70649,45.510756,-92.9692264,https://www.openstreetmap.org/way/1259085396
70654,32.270767279824724,-109.24418607840568,https://locations.pilotflyingj.com/us/az/san-simon/2500-i-10-bl
70656,42.0764458,-83.6675212,https://www.openstreetmap.org/node/7836942385
70660,41.0489728,-94.3620737,https://www.openstreetmap.org/way/1134129333
70714,36.9953,-111.565,https://locations.pilotflyingj.com/us/az/page/101-w-glen-dr
70718,34.913202,-91.1948727,https://www.openstreetmap.org/node/12649843751
70724,33.5919067,-80.3550046,https://www.openstreetmap.org/node/8792673039
70728,43.35046,-97.4212351,https://www.openstreetmap.org/way/1545867371
70731,41.93364334,-89.03578186,https://locations.pilotflyingj.com/us/il/rochelle/1201-e-il-38
70739,39.7734401,-93.0725353,https://www.openstreetmap.org/way/1532814147
70745,43.9324015,-94.9385419,https://www.openstreetmap.org/way/1076421505
70754,37.5191933,-97.004267,https://www.openstreetmap.org/node/11415814105
70759,44.111482,-93.7082142,https://www.openstreetmap.org/way/1157010010
70760,40.8861043,-97.1022417,https://www.openstreetmap.org/way/213025585
70763,42.4682035,-91.4820141,https://www.openstreetmap.org/way/1329493074
70774,42.467026,-95.148812,https://www.openstreetmap.org/way/1096469864
70778,39.9872841,-84.19979,https://www.openstreetmap.org/way/1082607761
70793,38.9945182,-110.1839612,https://www.openstreetmap.org/way/325139235
70877,42.4885396,-87.9529168,https://www.openstreetmap.org/node/9446683206
70885,44.2563841,-88.2935772,https://www.openstreetmap.org/way/914732076
70890,33.8005866,-98.1954501,https://locations.pilotflyingj.com/us/tx/henrietta/101-us-287
71019,44.4275546,-93.198277,https://www.openstreetmap.org/way/1181008735
71030,32.3589479,-111.0837691,https://www.openstreetmap.org/way/415134159
71053,37.6200988,-88.9857288,https://www.openstreetmap.org/way/1005760533
71058,44.5445925,-93.5553,https://www.openstreetmap.org/way/1065687674
71064,39.792643,-88.265826,https://www.openstreetmap.org/way/1084498997
71071,45.1263511,-92.6686456,https://www.openstreetmap.org/way/1234416946
71076,42.0347686,-91.5460796,https://www.openstreetmap.org/node/9950370249
71109,45.7065277,-90.4171968,https://www.openstreetmap.org/way/1053982124
71124,30.2913837,-81.9847987,https://www.openstreetmap.org/way/1058592373
71142,42.2155543,-89.1068874,https://www.openstreetmap.org/way/1324607131
71153,45.3140103,-92.7036692,https://www.openstreetmap.org/way/1227950126
71154,44.4275546,-93.198277,https://www.openstreetmap.org/way/1181008735
71187,42.699107,-87.9158257,https://www.openstreetmap.org/relation/15724859
71188,32.7164908,-83.7242847,https://www.openstreetmap.org/node/8613992866
71199,34.0933728,-88.0052143,https://www.openstreetmap.org/way/1323594922
71200,41.1577158,-96.1376774,https://www.openstreetmap.org/node/9318631667
71240,35.4198716,-86.0152912,https://www.openstreetmap.org/node/11235481596
71259,30.5319821,-88.2374534,https://www.openstreetmap.org/node/11711684937
71262,39.9446231,-82.6797078,https://www.openstreetmap.org/way/1028201586
71263,37.6170041,-104.7568252,https://www.openstreetmap.org/way/1259487323
71282,30.1039793,-97.3070967,https://www.openstreetmap.org/way/1178210135
71283,32.2702496,-81.0795381,https://www.openstreetmap.org/node/11189075576
71315,43.4273282,-88.1585209,https://www.openstreetmap.org/node/3586831409
71318,41.9986196,-87.9599918,https://www.openstreetmap.org/way/1259770386
71322,45.2227172,-87.9961403,https://www.openstreetmap.org/way/1102793915
71338,42.9847064,-90.6553688,https://www.openstreetmap.org/node/3151175580
71340,44.3283449,-94.4768353,https://www.openstreetmap.org/way/1307276106
71379,34.6551987,-92.4120084,https://www.openstreetmap.org/way/1164685654
71381,46.0118597,-91.4874458,https://www.openstreetmap.org/way/1184479402
71382,43.4408474,-88.8564673,https://www.openstreetmap.org/node/567711249
71388,41.2192614,-96.636464,https://www.openstreetmap.org/node/5220961474
71395,42.972189,-90.1333116,https://www.openstreetmap.org/node/1103024188
71398,41.7653654,-93.7260873,https://www.openstreetmap.org/way/1154165855
71399,39.0126494,-94.0679621,https://www.openstreetmap.org/way/1137651161
71428,42.8611433,-89.5589089,https://www.openstreetmap.org/way/1033971559
71447,44.1114697,-88.6970794,https://www.openstreetmap.org/node/13890227551
71474,30.2145066,-97.1384899,https://locations.pilotflyingj.com/us/tx/paige/2537-tx-21
71482,47.4750539,-111.3611428,https://www.openstreetmap.org/node/11209326297
71487,38.9489037,-112.3527333,https://www.openstreetmap.org/way/1038853917
71490,33.6469842,-85.5060183,https://www.openstreetmap.org/node/13770704750
71492,38.2447507,-86.3580644,https://www.openstreetmap.org/way/1323938368
71499,43.0062557,-89.7024071,https://www.openstreetmap.org/node/9747225578
71503,37.9607356,-100.8331425,https://www.openstreetmap.org/way/1258806413
71516,42.2588625,-79.7432329,https://www.openstreetmap.org/node/10926790752
71520,44.8402648,-92.604089,https://www.openstreetmap.org/node/11525659611
71529,44.8653198,-91.4565951,https://www.openstreetmap.org/way/1216914343
71536,34.959462,-106.659844,https://locations.pilotflyingj.com/us/nm/albuquerque/9220-broadway-blvd-se
71556,44.9529801,-90.7996226,https://www.openstreetmap.org/way/660086089
71562,42.946194,-74.356256,https://locations.pilotflyingj.com/us/ny/fultonville/164-riverside-dr
71563,43.2926843,-91.7706131,https://www.openstreetmap.org/node/8014787241
71579,43.7361834,-87.7256908,https://www.openstreetmap.org/way/1167463909
71582,34.7986947,-80.4054385,https://www.openstreetmap.org/node/9965048105
71609,35.4406426,-95.9697816,https://www.openstreetmap.org/node/11445778092
71618,39.7322012,-94.2184507,https://www.openstreetmap.org/way/1136346009
71629,45.5717036,-93.1939273,https://www.openstreetmap.org/way/1161143286
71643,32.4637066,-97.2646991,https://locations.pilotflyingj.com/us/tx/alvarado/3313-s-burleson-blvd
71651,30.0598927,-97.8353979,https://www.openstreetmap.org/way/1324181509
71661,36.5060287,-101.7743298,https://www.openstreetmap.org/way/819933271
71698,41.6427674,-91.5255535,https://www.openstreetmap.org/way/368548658
71699,42.614999,-87.9457412,https://www.openstreetmap.org/way/1084546231
71713,35.805191298798384,-90.62510245022773,https://locations.pilotflyingj.com/us/ar/jonesboro/5750-commerce-sq
71718,42.0091903,-93.5873775,https://www.openstreetmap.org/way/1102447790
71719,45.2492441,-93.0225793,https://www.openstreetmap.org/way/1202439215
71735,46.2644625,-119.0824387,https://www.openstreetmap.org/node/11687476869
71738,42.7325499,-90.4383731,https://www.openstreetmap.org/node/4426108087
71772,45.3963171,-92.584283,https://www.openstreetmap.org/way/1227941121
71792,43.8559131,-95.1147253,https://www.openstreetmap.org/node/5304141152
71794,46.4639986,-90.167476,https://www.openstreetmap.org/node/10091591142
71812,43.6235856,-87.776184,https://www.openstreetmap.org/node/12432317629
71827,45.0807957,-94.1893936,https://www.openstreetmap.org/way/1212654186
71828,44.8504478,-87.356153,https://www.openstreetmap.org/node/7022091219
71860,30.3796558,-89.7378872,https://locations.pilotflyingj.com/us/la/pearl-river/65583-pump-slough-rd
71862,41.7565518,-81.0463856,https://www.openstreetmap.org/node/11741967407
71875,32.1615771,-94.3193074,https://www.openstreetmap.org/way/1257611845
71898,40.5416779,-88.997369,https://www.openstreetmap.org/node/11889678420
71931,30.845924,-83.3333171,https://www.openstreetmap.org/node/12694273995
71976,30.463194,-81.674636,https://www.openstreetmap.org/way/1259760537
72142,41.7240543,-85.967101,https://www.openstreetmap.org/node/2826427962
72351,40.4530195,-86.8502335,https://www.openstreetmap.org/way/1365688113
72389,31.779989,-102.3686554,https://locations.pilotflyingj.com/us/tx/odessa/6001-us-385
72394,34.6751486,-82.5390529,https://www.openstreetmap.org/way/1222602386
72428,32.279164,-90.1568855,https://www.openstreetmap.org/way/1324164665
72438,41.8726946,-87.8637296,https://www.openstreetmap.org/way/1353225692
72481,44.2971571,-92.7898781,https://www.openstreetmap.org/node/7581363249
72486,39.740979,-104.4324151,https://www.openstreetmap.org/node/11942273769
72487,26.1602683,-97.8769161,https://locations.pilotflyingj.com/us/tx/mercedes/8001-e-expressway-83
72577,41.5804989,-87.5576439,https://www.openstreetmap.org/way/1329496126
72580,44.9215884,-91.3691504,https://www.openstreetmap.org/way/1305626583
72592,39.1422761,-88.5341664,https://www.openstreetmap.org/node/12724753871
72594,33.4558234,-94.1304179,https://www.openstreetmap.org/way/1527626543
72611,46.2762162,-87.4150509,https://www.openstreetmap.org/way/832941344
72640,46.4646132,-87.4258337,https://www.openstreetmap.org/way/832848547
72642,38.0793712,-117.253658,https://www.openstreetmap.org/way/1187700572
72652,30.4217646,-97.5854148,https://www.openstreetmap.org/way/1211180909
72677,45.8338631,-88.0587214,https://www.openstreetmap.org/node/13201949100
72678,41.6333804,-84.7658688,https://locations.pilotflyingj.com/us/oh/edon/14896-oh-49
72699,41.9332918,-88.0411921,https://www.openstreetmap.org/way/1415410944
72702,32.5956877,-93.829603,https://www.openstreetmap.org/way/1355059987
72715,34.91405660704657,-114.15548530615158,https://locations.pilotflyingj.com/us/az/yucca/10835-s-double-r-dr
72741,41.0932124,-88.4424243,https://www.openstreetmap.org/way/993989556
72768,41.2060048,-87.8703167,https://www.openstreetmap.org/node/12287573104
72796,33.508486,-112.386399,https://locations.pilotflyingj.com/us/az/litchfield-park/15112-west-camelback-road
72799,41.8239109,-89.4754217,https://www.openstreetmap.org/node/13352461977
72801,35.0812252,-91.9034115,https://www.openstreetmap.org/node/13273258365
72815,40.1320223,-88.2445308,https://www.openstreetmap.org/relation/19973992
72873,42.2729415,-88.9592491,https://www.openstreetmap.org/way/1390820521
72879,29.9767041,-98.9025578,https://www.openstreetmap.org/way/1528892088
72886,30.86284,-96.58241,https://locations.pilotflyingj.com/us/tx/hearne/1656-s-market-st
72896,32.0724371,-96.4467603,https://locations.pilotflyingj.com/us/tx/corsicana/4750-i-45-s
73035,31.6857078,-106.2684166,https://www.openstreetmap.org/node/11493828835
73072,41.4552405,-87.7470329,https://www.openstreetmap.org/way/1450087651
73088,32.18191,-81.45691,https://locations.pilotflyingj.com/us/ga/ellabell/130-interstate-exchange-way
